{"location":"portal-inicio.ts:getRolesConProyectosVigentes","message":"getRolesConProyectosVigentes start","data":{},"timestamp":1771939577083,"hypothesisId":"H2"}
{"location":"portal-inicio.ts:getRolesConProyectosVigentes","message":"getRolesConProyectosVigentes end","data":{"durationMs":965},"hypothesisId":"H2","timestamp":1771939578048}
{"location":"portal-inicio.ts:getProyectosDelUsuarioConRol","message":"getProyectosDelUsuarioConRol start","data":{"activeRole":"Encargado"},"timestamp":1771939578167,"hypothesisId":"H2"}
{"location":"portal-inicio.ts:getProyectosDelUsuarioConRol","message":"getProyectosDelUsuarioConRol end","data":{"durationMs":627},"hypothesisId":"H2","timestamp":1771939578794}
{"location":"portal-inicio.ts:getAlertasPortalUsuario","message":"getAlertasPortalUsuario start","data":{"activeRole":"Encargado"},"timestamp":1771939578912,"hypothesisId":"H2"}
{"location":"portal-inicio.ts:getAlertasPortalUsuario","message":"getAlertasPortalUsuario end","data":{"durationMs":1439},"hypothesisId":"H2","timestamp":1771939580351}
{"location":"seguimiento.ts:getProximasReunionesParaUsuario","message":"getProximasReunionesParaUsuario start","data":{"activeRole":"Encargado"},"timestamp":1771939580463,"hypothesisId":"H2"}
{"location":"seguimiento.ts:getProximasReunionesParaUsuario","message":"getProximasReunionesParaUsuario end","data":{"durationMs":417},"hypothesisId":"H2","timestamp":1771939580880}
{"location":"seguimiento.ts:getCompromisosPendientesParaUsuario","message":"getCompromisosPendientesParaUsuario start","data":{"activeRole":"Encargado"},"timestamp":1771939580988,"hypothesisId":"H2"}
{"location":"seguimiento.ts:getCompromisosPendientesParaUsuario","message":"getCompromisosPendientesParaUsuario end","data":{"durationMs":599},"hypothesisId":"H2","timestamp":1771939581587}
{"location":"historial.ts:getHistorialRecienteParaUsuario","message":"getHistorialRecienteParaUsuario start","data":{"activeRole":"Encargado"},"timestamp":1771939581731,"hypothesisId":"H2"}
{"location":"historial.ts:getHistorialRecienteParaUsuario","message":"getHistorialRecienteParaUsuario end","data":{"durationMs":839},"hypothesisId":"H2","timestamp":1771939582570}
{"location":"portal-inicio.ts:getRolesConProyectosVigentes","message":"getRolesConProyectosVigentes start","data":{},"timestamp":1771939592876,"hypothesisId":"H2"}
{"location":"portal-inicio.ts:getRolesConProyectosVigentes","message":"getRolesConProyectosVigentes end","data":{"durationMs":165},"hypothesisId":"H2","timestamp":1771939593041}
{"location":"portal-inicio.ts:getRolesConProyectosVigentes","message":"getRolesConProyectosVigentes start","data":{},"timestamp":1771939595292,"hypothesisId":"H2"}
{"location":"portal-inicio.ts:getRolesConProyectosVigentes","message":"getRolesConProyectosVigentes end","data":{"durationMs":81},"hypothesisId":"H2","timestamp":1771939595373}
{"location":"portal-inicio.ts:getRolesConProyectosVigentes","message":"getRolesConProyectosVigentes start","data":{},"timestamp":1771939595491,"hypothesisId":"H2"}
{"location":"portal-inicio.ts:getRolesConProyectosVigentes","message":"getRolesConProyectosVigentes end","data":{"durationMs":82},"hypothesisId":"H2","timestamp":1771939595573}
{"location":"portal-inicio.ts:getProyectosDelUsuarioConRol","message":"getProyectosDelUsuarioConRol start","data":{"activeRole":"Encargado"},"timestamp":1771939595687,"hypothesisId":"H2"}
{"location":"portal-inicio.ts:getProyectosDelUsuarioConRol","message":"getProyectosDelUsuarioConRol end","data":{"durationMs":494},"hypothesisId":"H2","timestamp":1771939596181}
{"location":"portal-inicio.ts:getAlertasPortalUsuario","message":"getAlertasPortalUsuario start","data":{"activeRole":"Encargado"},"timestamp":1771939596295,"hypothesisId":"H2"}
{"location":"portal-inicio.ts:getAlertasPortalUsuario","message":"getAlertasPortalUsuario end","data":{"durationMs":406},"hypothesisId":"H2","timestamp":1771939596701}
{"location":"seguimiento.ts:getProximasReunionesParaUsuario","message":"getProximasReunionesParaUsuario start","data":{"activeRole":"Encargado"},"timestamp":1771939596813,"hypothesisId":"H2"}
{"location":"seguimiento.ts:getProximasReunionesParaUsuario","message":"getProximasReunionesParaUsuario end","data":{"durationMs":260},"hypothesisId":"H2","timestamp":1771939597073}
{"location":"seguimiento.ts:getCompromisosPendientesParaUsuario","message":"getCompromisosPendientesParaUsuario start","data":{"activeRole":"Encargado"},"timestamp":1771939597186,"hypothesisId":"H2"}
{"location":"seguimiento.ts:getCompromisosPendientesParaUsuario","message":"getCompromisosPendientesParaUsuario end","data":{"durationMs":415},"hypothesisId":"H2","timestamp":1771939597601}
{"location":"historial.ts:getHistorialRecienteParaUsuario","message":"getHistorialRecienteParaUsuario start","data":{"activeRole":"Encargado"},"timestamp":1771939597715,"hypothesisId":"H2"}
{"location":"historial.ts:getHistorialRecienteParaUsuario","message":"getHistorialRecienteParaUsuario end","data":{"durationMs":586},"hypothesisId":"H2","timestamp":1771939598301}
{"location":"portal-inicio.ts:getRolesConProyectosVigentes","message":"getRolesConProyectosVigentes start","data":{},"timestamp":1771939598425,"hypothesisId":"H2"}
{"location":"portal-inicio.ts:getRolesConProyectosVigentes","message":"getRolesConProyectosVigentes end","data":{"durationMs":80},"hypothesisId":"H2","timestamp":1771939598505}
{"location":"portal-inicio.ts:getRolesConProyectosVigentes","message":"getRolesConProyectosVigentes start","data":{},"timestamp":1771939601989,"hypothesisId":"H2"}
{"location":"portal-inicio.ts:getRolesConProyectosVigentes","message":"getRolesConProyectosVigentes end","data":{"durationMs":86},"hypothesisId":"H2","timestamp":1771939602075}
{"location":"portal-inicio.ts:getRolesConProyectosVigentes","message":"getRolesConProyectosVigentes start","data":{},"timestamp":1771939604074,"hypothesisId":"H2"}
{"location":"portal-inicio.ts:getRolesConProyectosVigentes","message":"getRolesConProyectosVigentes end","data":{"durationMs":91},"hypothesisId":"H2","timestamp":1771939604165}
{"location":"portal-inicio.ts:getRolesConProyectosVigentes","message":"getRolesConProyectosVigentes start","data":{},"timestamp":1771939604283,"hypothesisId":"H2"}
{"location":"portal-inicio.ts:getRolesConProyectosVigentes","message":"getRolesConProyectosVigentes end","data":{"durationMs":90},"hypothesisId":"H2","timestamp":1771939604373}
{"location":"portal-inicio.ts:getProyectosDelUsuarioConRol","message":"getProyectosDelUsuarioConRol start","data":{"activeRole":"Encargado"},"timestamp":1771939604490,"hypothesisId":"H2"}
{"location":"portal-inicio.ts:getProyectosDelUsuarioConRol","message":"getProyectosDelUsuarioConRol end","data":{"durationMs":262},"hypothesisId":"H2","timestamp":1771939604752}
{"location":"portal-inicio.ts:getAlertasPortalUsuario","message":"getAlertasPortalUsuario start","data":{"activeRole":"Encargado"},"timestamp":1771939604879,"hypothesisId":"H2"}
{"location":"portal-inicio.ts:getAlertasPortalUsuario","message":"getAlertasPortalUsuario end","data":{"durationMs":374},"hypothesisId":"H2","timestamp":1771939605253}
{"location":"seguimiento.ts:getProximasReunionesParaUsuario","message":"getProximasReunionesParaUsuario start","data":{"activeRole":"Encargado"},"timestamp":1771939605369,"hypothesisId":"H2"}
{"location":"seguimiento.ts:getProximasReunionesParaUsuario","message":"getProximasReunionesParaUsuario end","data":{"durationMs":184},"hypothesisId":"H2","timestamp":1771939605553}
{"location":"seguimiento.ts:getCompromisosPendientesParaUsuario","message":"getCompromisosPendientesParaUsuario start","data":{"activeRole":"Encargado"},"timestamp":1771939605666,"hypothesisId":"H2"}
{"location":"seguimiento.ts:getCompromisosPendientesParaUsuario","message":"getCompromisosPendientesParaUsuario end","data":{"durationMs":277},"hypothesisId":"H2","timestamp":1771939605943}
{"location":"historial.ts:getHistorialRecienteParaUsuario","message":"getHistorialRecienteParaUsuario start","data":{"activeRole":"Encargado"},"timestamp":1771939606056,"hypothesisId":"H2"}
{"location":"historial.ts:getHistorialRecienteParaUsuario","message":"getHistorialRecienteParaUsuario end","data":{"durationMs":360},"hypothesisId":"H2","timestamp":1771939606416}
{"location":"portal-inicio.ts:getRolesConProyectosVigentes","message":"getRolesConProyectosVigentes start","data":{},"timestamp":1771939606537,"hypothesisId":"H2"}
{"location":"portal-inicio.ts:getRolesConProyectosVigentes","message":"getRolesConProyectosVigentes end","data":{"durationMs":188},"hypothesisId":"H2","timestamp":1771939606725}
{"location":"portal-inicio.ts:getProyectosDelUsuarioConRol","message":"getProyectosDelUsuarioConRol start","data":{"activeRole":"Coordinador"},"timestamp":1771939630182,"hypothesisId":"H2"}
{"location":"portal-inicio.ts:getProyectosDelUsuarioConRol","message":"getProyectosDelUsuarioConRol end","data":{"durationMs":519},"hypothesisId":"H2","timestamp":1771939630701}
{"location":"portal-inicio.ts:getAlertasPortalUsuario","message":"getAlertasPortalUsuario start","data":{"activeRole":"Coordinador"},"timestamp":1771939630827,"hypothesisId":"H2"}
{"location":"portal-inicio.ts:getAlertasPortalUsuario","message":"getAlertasPortalUsuario end","data":{"durationMs":513},"hypothesisId":"H2","timestamp":1771939631340}
{"location":"seguimiento.ts:getProximasReunionesParaUsuario","message":"getProximasReunionesParaUsuario start","data":{"activeRole":"Coordinador"},"timestamp":1771939631455,"hypothesisId":"H2"}
{"location":"seguimiento.ts:getProximasReunionesParaUsuario","message":"getProximasReunionesParaUsuario end","data":{"durationMs":270},"hypothesisId":"H2","timestamp":1771939631725}
{"location":"seguimiento.ts:getCompromisosPendientesParaUsuario","message":"getCompromisosPendientesParaUsuario start","data":{"activeRole":"Coordinador"},"timestamp":1771939631840,"hypothesisId":"H2"}
{"location":"seguimiento.ts:getCompromisosPendientesParaUsuario","message":"getCompromisosPendientesParaUsuario end","data":{"durationMs":265},"hypothesisId":"H2","timestamp":1771939632105}
{"location":"historial.ts:getHistorialRecienteParaUsuario","message":"getHistorialRecienteParaUsuario start","data":{"activeRole":"Coordinador"},"timestamp":1771939632223,"hypothesisId":"H2"}
{"location":"historial.ts:getHistorialRecienteParaUsuario","message":"getHistorialRecienteParaUsuario end","data":{"durationMs":498},"hypothesisId":"H2","timestamp":1771939632721}
{"location":"portal-inicio.ts:getRolesConProyectosVigentes","message":"getRolesConProyectosVigentes start","data":{},"timestamp":1771939632840,"hypothesisId":"H2"}
{"location":"portal-inicio.ts:getRolesConProyectosVigentes","message":"getRolesConProyectosVigentes end","data":{"durationMs":80},"hypothesisId":"H2","timestamp":1771939632920}
{"location":"portal-inicio.ts:getRolesConProyectosVigentes","message":"getRolesConProyectosVigentes start","data":{},"timestamp":1771939633045,"hypothesisId":"H2"}
{"location":"portal-inicio.ts:getRolesConProyectosVigentes","message":"getRolesConProyectosVigentes end","data":{"durationMs":83},"hypothesisId":"H2","timestamp":1771939633128}
{"location":"portal-inicio.ts:getProyectosDelUsuarioConRol","message":"getProyectosDelUsuarioConRol start","data":{"activeRole":"Encargado"},"timestamp":1771939637787,"hypothesisId":"H2"}
{"location":"portal-inicio.ts:getProyectosDelUsuarioConRol","message":"getProyectosDelUsuarioConRol end","data":{"durationMs":245},"hypothesisId":"H2","timestamp":1771939638032}
{"location":"portal-inicio.ts:getAlertasPortalUsuario","message":"getAlertasPortalUsuario start","data":{"activeRole":"Encargado"},"timestamp":1771939638260,"hypothesisId":"H2"}
{"location":"portal-inicio.ts:getAlertasPortalUsuario","message":"getAlertasPortalUsuario end","data":{"durationMs":348},"hypothesisId":"H2","timestamp":1771939638608}
{"location":"seguimiento.ts:getProximasReunionesParaUsuario","message":"getProximasReunionesParaUsuario start","data":{"activeRole":"Encargado"},"timestamp":1771939638737,"hypothesisId":"H2"}
{"location":"seguimiento.ts:getProximasReunionesParaUsuario","message":"getProximasReunionesParaUsuario end","data":{"durationMs":179},"hypothesisId":"H2","timestamp":1771939638916}
{"location":"seguimiento.ts:getCompromisosPendientesParaUsuario","message":"getCompromisosPendientesParaUsuario start","data":{"activeRole":"Encargado"},"timestamp":1771939639041,"hypothesisId":"H2"}
{"location":"seguimiento.ts:getCompromisosPendientesParaUsuario","message":"getCompromisosPendientesParaUsuario end","data":{"durationMs":248},"hypothesisId":"H2","timestamp":1771939639289}
{"location":"historial.ts:getHistorialRecienteParaUsuario","message":"getHistorialRecienteParaUsuario start","data":{"activeRole":"Encargado"},"timestamp":1771939639432,"hypothesisId":"H2"}
{"location":"historial.ts:getHistorialRecienteParaUsuario","message":"getHistorialRecienteParaUsuario end","data":{"durationMs":336},"hypothesisId":"H2","timestamp":1771939639768}
{"location":"portal-inicio.ts:getRolesConProyectosVigentes","message":"getRolesConProyectosVigentes start","data":{},"timestamp":1771939639893,"hypothesisId":"H2"}
{"location":"portal-inicio.ts:getRolesConProyectosVigentes","message":"getRolesConProyectosVigentes end","data":{"durationMs":87},"hypothesisId":"H2","timestamp":1771939639980}
{"location":"portal-inicio.ts:getRolesConProyectosVigentes","message":"getRolesConProyectosVigentes start","data":{},"timestamp":1771939640099,"hypothesisId":"H2"}
{"location":"portal-inicio.ts:getRolesConProyectosVigentes","message":"getRolesConProyectosVigentes end","data":{"durationMs":109},"hypothesisId":"H2","timestamp":1771939640208}
{"location":"portal-inicio.ts:getRolesConProyectosVigentes","message":"getRolesConProyectosVigentes start","data":{},"timestamp":1771939794464,"hypothesisId":"H2"}
{"location":"portal-inicio.ts:getRolesConProyectosVigentes","message":"getRolesConProyectosVigentes end","data":{"durationMs":169},"hypothesisId":"H2","timestamp":1771939794633}
{"location":"portal-inicio.ts:getRolesConProyectosVigentes","message":"getRolesConProyectosVigentes start","data":{},"timestamp":1771939795895,"hypothesisId":"H2"}
{"location":"portal-inicio.ts:getRolesConProyectosVigentes","message":"getRolesConProyectosVigentes end","data":{"durationMs":99},"hypothesisId":"H2","timestamp":1771939795994}
{"location":"portal-inicio.ts:getRolesConProyectosVigentes","message":"getRolesConProyectosVigentes start","data":{},"timestamp":1771939818538,"hypothesisId":"H2"}
{"location":"portal-inicio.ts:getRolesConProyectosVigentes","message":"getRolesConProyectosVigentes end","data":{"durationMs":178},"hypothesisId":"H2","timestamp":1771939818716}
{"location":"portal-inicio.ts:getProyectosDelUsuarioConRol","message":"getProyectosDelUsuarioConRol start","data":{"activeRole":"Encargado"},"timestamp":1771939818840,"hypothesisId":"H2"}
{"location":"portal-inicio.ts:getProyectosDelUsuarioConRol","message":"getProyectosDelUsuarioConRol end","data":{"durationMs":257},"hypothesisId":"H2","timestamp":1771939819097}
{"location":"portal-inicio.ts:getAlertasPortalUsuario","message":"getAlertasPortalUsuario start","data":{"activeRole":"Encargado"},"timestamp":1771939819212,"hypothesisId":"H2"}
{"location":"portal-inicio.ts:getAlertasPortalUsuario","message":"getAlertasPortalUsuario end","data":{"durationMs":353},"hypothesisId":"H2","timestamp":1771939819565}
{"location":"seguimiento.ts:getProximasReunionesParaUsuario","message":"getProximasReunionesParaUsuario start","data":{"activeRole":"Encargado"},"timestamp":1771939819680,"hypothesisId":"H2"}
{"location":"seguimiento.ts:getProximasReunionesParaUsuario","message":"getProximasReunionesParaUsuario end","data":{"durationMs":173},"hypothesisId":"H2","timestamp":1771939819853}
{"location":"seguimiento.ts:getCompromisosPendientesParaUsuario","message":"getCompromisosPendientesParaUsuario start","data":{"activeRole":"Encargado"},"timestamp":1771939819967,"hypothesisId":"H2"}
{"location":"seguimiento.ts:getCompromisosPendientesParaUsuario","message":"getCompromisosPendientesParaUsuario end","data":{"durationMs":266},"hypothesisId":"H2","timestamp":1771939820233}
{"location":"historial.ts:getHistorialRecienteParaUsuario","message":"getHistorialRecienteParaUsuario start","data":{"activeRole":"Encargado"},"timestamp":1771939820352,"hypothesisId":"H2"}
{"location":"historial.ts:getHistorialRecienteParaUsuario","message":"getHistorialRecienteParaUsuario end","data":{"durationMs":346},"hypothesisId":"H2","timestamp":1771939820698}
{"location":"portal-inicio.ts:getRolesConProyectosVigentes","message":"getRolesConProyectosVigentes start","data":{},"timestamp":1771939828525,"hypothesisId":"H2"}
{"location":"portal-inicio.ts:getRolesConProyectosVigentes","message":"getRolesConProyectosVigentes end","data":{"durationMs":105},"hypothesisId":"H2","timestamp":1771939828630}
{"location":"portal-inicio.ts:getRolesConProyectosVigentes","message":"getRolesConProyectosVigentes start","data":{},"timestamp":1771939836662,"hypothesisId":"H2"}
{"location":"portal-inicio.ts:getRolesConProyectosVigentes","message":"getRolesConProyectosVigentes end","data":{"durationMs":176},"hypothesisId":"H2","timestamp":1771939836838}
{"location":"portal-inicio.ts:getRolesConProyectosVigentes","message":"getRolesConProyectosVigentes start","data":{},"timestamp":1771939852228,"hypothesisId":"H2"}
{"location":"portal-inicio.ts:getRolesConProyectosVigentes","message":"getRolesConProyectosVigentes end","data":{"durationMs":188},"hypothesisId":"H2","timestamp":1771939852416}
{"location":"portal-inicio.ts:getRolesConProyectosVigentes","message":"getRolesConProyectosVigentes start","data":{},"timestamp":1771940342304,"hypothesisId":"H2"}
{"location":"portal-inicio.ts:getRolesConProyectosVigentes","message":"getRolesConProyectosVigentes end","data":{"durationMs":193},"hypothesisId":"H2","timestamp":1771940342497}
{"location":"portal-inicio.ts:getRolesConProyectosVigentes","message":"getRolesConProyectosVigentes start","data":{},"timestamp":1771940344275,"hypothesisId":"H2"}
{"location":"portal-inicio.ts:getRolesConProyectosVigentes","message":"getRolesConProyectosVigentes end","data":{"durationMs":80},"hypothesisId":"H2","timestamp":1771940344355}
{"location":"portal-inicio.ts:getRolesConProyectosVigentes","message":"getRolesConProyectosVigentes start","data":{},"timestamp":1771940344470,"hypothesisId":"H2"}
{"location":"portal-inicio.ts:getRolesConProyectosVigentes","message":"getRolesConProyectosVigentes end","data":{"durationMs":95},"hypothesisId":"H2","timestamp":1771940344565}
{"location":"portal-inicio.ts:getProyectosDelUsuarioConRol","message":"getProyectosDelUsuarioConRol start","data":{"activeRole":"Encargado"},"timestamp":1771940344680,"hypothesisId":"H2"}
{"location":"portal-inicio.ts:getProyectosDelUsuarioConRol","message":"getProyectosDelUsuarioConRol end","data":{"durationMs":510},"hypothesisId":"H2","timestamp":1771940345190}
{"location":"portal-inicio.ts:getAlertasPortalUsuario","message":"getAlertasPortalUsuario start","data":{"activeRole":"Encargado"},"timestamp":1771940345304,"hypothesisId":"H2"}
{"location":"portal-inicio.ts:getAlertasPortalUsuario","message":"getAlertasPortalUsuario end","data":{"durationMs":1061},"hypothesisId":"H2","timestamp":1771940346365}
{"location":"seguimiento.ts:getProximasReunionesParaUsuario","message":"getProximasReunionesParaUsuario start","data":{"activeRole":"Encargado"},"timestamp":1771940346483,"hypothesisId":"H2"}
{"location":"seguimiento.ts:getProximasReunionesParaUsuario","message":"getProximasReunionesParaUsuario end","data":{"durationMs":370},"hypothesisId":"H2","timestamp":1771940346853}
{"location":"seguimiento.ts:getCompromisosPendientesParaUsuario","message":"getCompromisosPendientesParaUsuario start","data":{"activeRole":"Encargado"},"timestamp":1771940346965,"hypothesisId":"H2"}
{"location":"seguimiento.ts:getCompromisosPendientesParaUsuario","message":"getCompromisosPendientesParaUsuario end","data":{"durationMs":453},"hypothesisId":"H2","timestamp":1771940347418}
{"location":"historial.ts:getHistorialRecienteParaUsuario","message":"getHistorialRecienteParaUsuario start","data":{"activeRole":"Encargado"},"timestamp":1771940347545,"hypothesisId":"H2"}
{"location":"historial.ts:getHistorialRecienteParaUsuario","message":"getHistorialRecienteParaUsuario end","data":{"durationMs":616},"hypothesisId":"H2","timestamp":1771940348161}
{"location":"portal-inicio.ts:getRolesConProyectosVigentes","message":"getRolesConProyectosVigentes start","data":{},"timestamp":1771940348279,"hypothesisId":"H2"}
{"location":"portal-inicio.ts:getRolesConProyectosVigentes","message":"getRolesConProyectosVigentes end","data":{"durationMs":178},"hypothesisId":"H2","timestamp":1771940348457}
{"location":"portal-inicio.ts:getProyectosDelUsuarioConRol","message":"getProyectosDelUsuarioConRol start","data":{"activeRole":"Coordinador"},"timestamp":1771940351506,"hypothesisId":"H2"}
{"location":"portal-inicio.ts:getProyectosDelUsuarioConRol","message":"getProyectosDelUsuarioConRol end","data":{"durationMs":519},"hypothesisId":"H2","timestamp":1771940352025}
{"location":"portal-inicio.ts:getAlertasPortalUsuario","message":"getAlertasPortalUsuario start","data":{"activeRole":"Coordinador"},"timestamp":1771940352155,"hypothesisId":"H2"}
{"location":"portal-inicio.ts:getAlertasPortalUsuario","message":"getAlertasPortalUsuario end","data":{"durationMs":417},"hypothesisId":"H2","timestamp":1771940352572}
{"location":"seguimiento.ts:getProximasReunionesParaUsuario","message":"getProximasReunionesParaUsuario start","data":{"activeRole":"Coordinador"},"timestamp":1771940352690,"hypothesisId":"H2"}
{"location":"seguimiento.ts:getProximasReunionesParaUsuario","message":"getProximasReunionesParaUsuario end","data":{"durationMs":339},"hypothesisId":"H2","timestamp":1771940353029}
{"location":"seguimiento.ts:getCompromisosPendientesParaUsuario","message":"getCompromisosPendientesParaUsuario start","data":{"activeRole":"Coordinador"},"timestamp":1771940353191,"hypothesisId":"H2"}
{"location":"seguimiento.ts:getCompromisosPendientesParaUsuario","message":"getCompromisosPendientesParaUsuario end","data":{"durationMs":242},"hypothesisId":"H2","timestamp":1771940353433}
{"location":"historial.ts:getHistorialRecienteParaUsuario","message":"getHistorialRecienteParaUsuario start","data":{"activeRole":"Coordinador"},"timestamp":1771940353595,"hypothesisId":"H2"}
{"location":"historial.ts:getHistorialRecienteParaUsuario","message":"getHistorialRecienteParaUsuario end","data":{"durationMs":902},"hypothesisId":"H2","timestamp":1771940354497}
{"location":"portal-inicio.ts:getRolesConProyectosVigentes","message":"getRolesConProyectosVigentes start","data":{},"timestamp":1771940354615,"hypothesisId":"H2"}
{"location":"portal-inicio.ts:getRolesConProyectosVigentes","message":"getRolesConProyectosVigentes end","data":{"durationMs":170},"hypothesisId":"H2","timestamp":1771940354785}
{"location":"portal-inicio.ts:getRolesConProyectosVigentes","message":"getRolesConProyectosVigentes start","data":{},"timestamp":1771940354904,"hypothesisId":"H2"}
{"location":"portal-inicio.ts:getRolesConProyectosVigentes","message":"getRolesConProyectosVigentes end","data":{"durationMs":83},"hypothesisId":"H2","timestamp":1771940354987}
{"location":"portal-inicio.ts:getProyectosDelUsuarioConRol","message":"getProyectosDelUsuarioConRol start","data":{"activeRole":"Encargado"},"timestamp":1771940356422,"hypothesisId":"H2"}
{"location":"portal-inicio.ts:getProyectosDelUsuarioConRol","message":"getProyectosDelUsuarioConRol end","data":{"durationMs":534},"hypothesisId":"H2","timestamp":1771940356956}
{"location":"portal-inicio.ts:getAlertasPortalUsuario","message":"getAlertasPortalUsuario start","data":{"activeRole":"Encargado"},"timestamp":1771940357117,"hypothesisId":"H2"}
{"location":"portal-inicio.ts:getAlertasPortalUsuario","message":"getAlertasPortalUsuario end","data":{"durationMs":411},"hypothesisId":"H2","timestamp":1771940357528}
{"location":"seguimiento.ts:getProximasReunionesParaUsuario","message":"getProximasReunionesParaUsuario start","data":{"activeRole":"Encargado"},"timestamp":1771940357647,"hypothesisId":"H2"}
{"location":"seguimiento.ts:getProximasReunionesParaUsuario","message":"getProximasReunionesParaUsuario end","data":{"durationMs":285},"hypothesisId":"H2","timestamp":1771940357932}
{"location":"seguimiento.ts:getCompromisosPendientesParaUsuario","message":"getCompromisosPendientesParaUsuario start","data":{"activeRole":"Encargado"},"timestamp":1771940358047,"hypothesisId":"H2"}
{"location":"seguimiento.ts:getCompromisosPendientesParaUsuario","message":"getCompromisosPendientesParaUsuario end","data":{"durationMs":335},"hypothesisId":"H2","timestamp":1771940358382}
{"location":"historial.ts:getHistorialRecienteParaUsuario","message":"getHistorialRecienteParaUsuario start","data":{"activeRole":"Encargado"},"timestamp":1771940358495,"hypothesisId":"H2"}
{"location":"historial.ts:getHistorialRecienteParaUsuario","message":"getHistorialRecienteParaUsuario end","data":{"durationMs":577},"hypothesisId":"H2","timestamp":1771940359072}
{"location":"portal-inicio.ts:getRolesConProyectosVigentes","message":"getRolesConProyectosVigentes start","data":{},"timestamp":1771940359185,"hypothesisId":"H2"}
{"location":"portal-inicio.ts:getRolesConProyectosVigentes","message":"getRolesConProyectosVigentes end","data":{"durationMs":91},"hypothesisId":"H2","timestamp":1771940359276}
{"location":"portal-inicio.ts:getRolesConProyectosVigentes","message":"getRolesConProyectosVigentes start","data":{},"timestamp":1771940359390,"hypothesisId":"H2"}
{"location":"portal-inicio.ts:getRolesConProyectosVigentes","message":"getRolesConProyectosVigentes end","data":{"durationMs":101},"hypothesisId":"H2","timestamp":1771940359491}
{"location":"portal-inicio.ts:getProyectosDelUsuarioConRol","message":"getProyectosDelUsuarioConRol start","data":{"activeRole":"Coordinador"},"timestamp":1771940368399,"hypothesisId":"H2"}
{"location":"portal-inicio.ts:getProyectosDelUsuarioConRol","message":"getProyectosDelUsuarioConRol end","data":{"durationMs":389},"hypothesisId":"H2","timestamp":1771940368788}
{"location":"portal-inicio.ts:getAlertasPortalUsuario","message":"getAlertasPortalUsuario start","data":{"activeRole":"Coordinador"},"timestamp":1771940368959,"hypothesisId":"H2"}
{"location":"portal-inicio.ts:getAlertasPortalUsuario","message":"getAlertasPortalUsuario end","data":{"durationMs":438},"hypothesisId":"H2","timestamp":1771940369397}
{"location":"seguimiento.ts:getProximasReunionesParaUsuario","message":"getProximasReunionesParaUsuario start","data":{"activeRole":"Coordinador"},"timestamp":1771940369519,"hypothesisId":"H2"}
{"location":"seguimiento.ts:getProximasReunionesParaUsuario","message":"getProximasReunionesParaUsuario end","data":{"durationMs":249},"hypothesisId":"H2","timestamp":1771940369768}
{"location":"seguimiento.ts:getCompromisosPendientesParaUsuario","message":"getCompromisosPendientesParaUsuario start","data":{"activeRole":"Coordinador"},"timestamp":1771940369886,"hypothesisId":"H2"}
{"location":"seguimiento.ts:getCompromisosPendientesParaUsuario","message":"getCompromisosPendientesParaUsuario end","data":{"durationMs":255},"hypothesisId":"H2","timestamp":1771940370141}
{"location":"historial.ts:getHistorialRecienteParaUsuario","message":"getHistorialRecienteParaUsuario start","data":{"activeRole":"Coordinador"},"timestamp":1771940370255,"hypothesisId":"H2"}
{"location":"historial.ts:getHistorialRecienteParaUsuario","message":"getHistorialRecienteParaUsuario end","data":{"durationMs":441},"hypothesisId":"H2","timestamp":1771940370696}
{"location":"portal-inicio.ts:getRolesConProyectosVigentes","message":"getRolesConProyectosVigentes start","data":{},"timestamp":1771940370814,"hypothesisId":"H2"}
{"location":"portal-inicio.ts:getRolesConProyectosVigentes","message":"getRolesConProyectosVigentes end","data":{"durationMs":82},"hypothesisId":"H2","timestamp":1771940370896}
{"location":"portal-inicio.ts:getRolesConProyectosVigentes","message":"getRolesConProyectosVigentes start","data":{},"timestamp":1771940371017,"hypothesisId":"H2"}
{"location":"portal-inicio.ts:getRolesConProyectosVigentes","message":"getRolesConProyectosVigentes end","data":{"durationMs":91},"hypothesisId":"H2","timestamp":1771940371108}
{"location":"portal-inicio.ts:getRolesConProyectosVigentes","message":"getRolesConProyectosVigentes start","data":{},"timestamp":1771940520559,"hypothesisId":"H2"}
{"location":"portal-inicio.ts:getRolesConProyectosVigentes","message":"getRolesConProyectosVigentes end","data":{"durationMs":248},"hypothesisId":"H2","timestamp":1771940520807}
{"location":"portal-inicio.ts:getProyectosDelUsuarioConRol","message":"getProyectosDelUsuarioConRol start","data":{"activeRole":"Encargado"},"timestamp":1771941295945,"hypothesisId":"H2"}
{"location":"portal-inicio.ts:getProyectosDelUsuarioConRol","message":"getProyectosDelUsuarioConRol end","data":{"durationMs":1208},"hypothesisId":"H2","timestamp":1771941297153}
{"location":"portal-inicio.ts:getAlertasPortalUsuario","message":"getAlertasPortalUsuario start","data":{"activeRole":"Encargado"},"timestamp":1771941297269,"hypothesisId":"H2"}
{"location":"portal-inicio.ts:getAlertasPortalUsuario","message":"getAlertasPortalUsuario end","data":{"durationMs":1101},"hypothesisId":"H2","timestamp":1771941298370}
{"location":"seguimiento.ts:getProximasReunionesParaUsuario","message":"getProximasReunionesParaUsuario start","data":{"activeRole":"Encargado"},"timestamp":1771941298490,"hypothesisId":"H2"}
{"location":"seguimiento.ts:getProximasReunionesParaUsuario","message":"getProximasReunionesParaUsuario end","data":{"durationMs":436},"hypothesisId":"H2","timestamp":1771941298926}
{"location":"seguimiento.ts:getCompromisosPendientesParaUsuario","message":"getCompromisosPendientesParaUsuario start","data":{"activeRole":"Encargado"},"timestamp":1771941299043,"hypothesisId":"H2"}
{"location":"seguimiento.ts:getCompromisosPendientesParaUsuario","message":"getCompromisosPendientesParaUsuario end","data":{"durationMs":419},"hypothesisId":"H2","timestamp":1771941299462}
{"location":"historial.ts:getHistorialRecienteParaUsuario","message":"getHistorialRecienteParaUsuario start","data":{"activeRole":"Encargado"},"timestamp":1771941299582,"hypothesisId":"H2"}
{"location":"historial.ts:getHistorialRecienteParaUsuario","message":"getHistorialRecienteParaUsuario end","data":{"durationMs":596},"hypothesisId":"H2","timestamp":1771941300178}
{"location":"portal-inicio.ts:getRolesConProyectosVigentes","message":"getRolesConProyectosVigentes start","data":{},"timestamp":1771941301707,"hypothesisId":"H2"}
{"location":"portal-inicio.ts:getRolesConProyectosVigentes","message":"getRolesConProyectosVigentes end","data":{"durationMs":175},"hypothesisId":"H2","timestamp":1771941301882}
{"location":"portal-inicio.ts:getRolesConProyectosVigentes","message":"getRolesConProyectosVigentes start","data":{},"timestamp":1771941302515,"hypothesisId":"H2"}
{"location":"portal-inicio.ts:getRolesConProyectosVigentes","message":"getRolesConProyectosVigentes end","data":{"durationMs":83},"hypothesisId":"H2","timestamp":1771941302598}
{"location":"portal-inicio.ts:getProyectosDelUsuarioConRol","message":"getProyectosDelUsuarioConRol start","data":{"activeRole":"Coordinador"},"timestamp":1771941317285,"hypothesisId":"H2"}
{"location":"portal-inicio.ts:getProyectosDelUsuarioConRol","message":"getProyectosDelUsuarioConRol end","data":{"durationMs":576},"hypothesisId":"H2","timestamp":1771941317861}
{"location":"portal-inicio.ts:getAlertasPortalUsuario","message":"getAlertasPortalUsuario start","data":{"activeRole":"Coordinador"},"timestamp":1771941317976,"hypothesisId":"H2"}
{"location":"portal-inicio.ts:getAlertasPortalUsuario","message":"getAlertasPortalUsuario end","data":{"durationMs":502},"hypothesisId":"H2","timestamp":1771941318478}
{"location":"seguimiento.ts:getProximasReunionesParaUsuario","message":"getProximasReunionesParaUsuario start","data":{"activeRole":"Coordinador"},"timestamp":1771941318596,"hypothesisId":"H2"}
{"location":"seguimiento.ts:getProximasReunionesParaUsuario","message":"getProximasReunionesParaUsuario end","data":{"durationMs":253},"hypothesisId":"H2","timestamp":1771941318849}
{"location":"seguimiento.ts:getCompromisosPendientesParaUsuario","message":"getCompromisosPendientesParaUsuario start","data":{"activeRole":"Coordinador"},"timestamp":1771941318968,"hypothesisId":"H2"}
{"location":"seguimiento.ts:getCompromisosPendientesParaUsuario","message":"getCompromisosPendientesParaUsuario end","data":{"durationMs":269},"hypothesisId":"H2","timestamp":1771941319237}
{"location":"historial.ts:getHistorialRecienteParaUsuario","message":"getHistorialRecienteParaUsuario start","data":{"activeRole":"Coordinador"},"timestamp":1771941319380,"hypothesisId":"H2"}
{"location":"historial.ts:getHistorialRecienteParaUsuario","message":"getHistorialRecienteParaUsuario end","data":{"durationMs":517},"hypothesisId":"H2","timestamp":1771941319897}
{"location":"portal-inicio.ts:getRolesConProyectosVigentes","message":"getRolesConProyectosVigentes start","data":{},"timestamp":1771941321331,"hypothesisId":"H2"}
{"location":"portal-inicio.ts:getRolesConProyectosVigentes","message":"getRolesConProyectosVigentes end","data":{"durationMs":171},"hypothesisId":"H2","timestamp":1771941321502}
{"location":"portal-inicio.ts:getRolesConProyectosVigentes","message":"getRolesConProyectosVigentes start","data":{},"timestamp":1771941322152,"hypothesisId":"H2"}
{"location":"portal-inicio.ts:getRolesConProyectosVigentes","message":"getRolesConProyectosVigentes end","data":{"durationMs":89},"hypothesisId":"H2","timestamp":1771941322241}
{"location":"portal-inicio.ts:getProyectosDelUsuarioConRol","message":"getProyectosDelUsuarioConRol start","data":{"activeRole":"Encargado"},"timestamp":1771941326688,"hypothesisId":"H2"}
{"location":"portal-inicio.ts:getProyectosDelUsuarioConRol","message":"getProyectosDelUsuarioConRol end","data":{"durationMs":246},"hypothesisId":"H2","timestamp":1771941326934}
{"location":"portal-inicio.ts:getAlertasPortalUsuario","message":"getAlertasPortalUsuario start","data":{"activeRole":"Encargado"},"timestamp":1771941327051,"hypothesisId":"H2"}
{"location":"portal-inicio.ts:getAlertasPortalUsuario","message":"getAlertasPortalUsuario end","data":{"durationMs":335},"hypothesisId":"H2","timestamp":1771941327386}
{"location":"seguimiento.ts:getProximasReunionesParaUsuario","message":"getProximasReunionesParaUsuario start","data":{"activeRole":"Encargado"},"timestamp":1771941327508,"hypothesisId":"H2"}
{"location":"seguimiento.ts:getProximasReunionesParaUsuario","message":"getProximasReunionesParaUsuario end","data":{"durationMs":363},"hypothesisId":"H2","timestamp":1771941327871}
{"location":"seguimiento.ts:getCompromisosPendientesParaUsuario","message":"getCompromisosPendientesParaUsuario start","data":{"activeRole":"Encargado"},"timestamp":1771941327988,"hypothesisId":"H2"}
{"location":"seguimiento.ts:getCompromisosPendientesParaUsuario","message":"getCompromisosPendientesParaUsuario end","data":{"durationMs":334},"hypothesisId":"H2","timestamp":1771941328322}
{"location":"historial.ts:getHistorialRecienteParaUsuario","message":"getHistorialRecienteParaUsuario start","data":{"activeRole":"Encargado"},"timestamp":1771941328433,"hypothesisId":"H2"}
{"location":"historial.ts:getHistorialRecienteParaUsuario","message":"getHistorialRecienteParaUsuario end","data":{"durationMs":577},"hypothesisId":"H2","timestamp":1771941329010}
{"location":"portal-inicio.ts:getRolesConProyectosVigentes","message":"getRolesConProyectosVigentes start","data":{},"timestamp":1771941330480,"hypothesisId":"H2"}
{"location":"portal-inicio.ts:getRolesConProyectosVigentes","message":"getRolesConProyectosVigentes end","data":{"durationMs":167},"hypothesisId":"H2","timestamp":1771941330647}
{"location":"portal-inicio.ts:getRolesConProyectosVigentes","message":"getRolesConProyectosVigentes start","data":{},"timestamp":1771941331326,"hypothesisId":"H2"}
{"location":"portal-inicio.ts:getRolesConProyectosVigentes","message":"getRolesConProyectosVigentes end","data":{"durationMs":79},"hypothesisId":"H2","timestamp":1771941331405}
{"location":"portal-inicio.ts:getRolesConProyectosVigentes","message":"getRolesConProyectosVigentes start","data":{},"timestamp":1771941514290,"hypothesisId":"H2"}
{"location":"portal-inicio.ts:getRolesConProyectosVigentes","message":"getRolesConProyectosVigentes end","data":{"durationMs":213},"hypothesisId":"H2","timestamp":1771941514503}
{"location":"portal-inicio.ts:getProyectosDelUsuarioConRol","message":"getProyectosDelUsuarioConRol start","data":{"activeRole":"Encargado"},"timestamp":1771941514627,"hypothesisId":"H2"}
{"location":"portal-inicio.ts:getProyectosDelUsuarioConRol","message":"getProyectosDelUsuarioConRol end","data":{"durationMs":560},"hypothesisId":"H2","timestamp":1771941515187}
{"location":"portal-inicio.ts:getAlertasPortalUsuario","message":"getAlertasPortalUsuario start","data":{"activeRole":"Encargado"},"timestamp":1771941515395,"hypothesisId":"H2"}
{"location":"portal-inicio.ts:getAlertasPortalUsuario","message":"getAlertasPortalUsuario end","data":{"durationMs":460},"hypothesisId":"H2","timestamp":1771941515855}
{"location":"seguimiento.ts:getProximasReunionesParaUsuario","message":"getProximasReunionesParaUsuario start","data":{"activeRole":"Encargado"},"timestamp":1771941515968,"hypothesisId":"H2"}
{"location":"seguimiento.ts:getProximasReunionesParaUsuario","message":"getProximasReunionesParaUsuario end","data":{"durationMs":316},"hypothesisId":"H2","timestamp":1771941516284}
{"location":"seguimiento.ts:getCompromisosPendientesParaUsuario","message":"getCompromisosPendientesParaUsuario start","data":{"activeRole":"Encargado"},"timestamp":1771941516403,"hypothesisId":"H2"}
{"location":"seguimiento.ts:getCompromisosPendientesParaUsuario","message":"getCompromisosPendientesParaUsuario end","data":{"durationMs":380},"hypothesisId":"H2","timestamp":1771941516783}
{"location":"historial.ts:getHistorialRecienteParaUsuario","message":"getHistorialRecienteParaUsuario start","data":{"activeRole":"Encargado"},"timestamp":1771941516903,"hypothesisId":"H2"}
{"location":"historial.ts:getHistorialRecienteParaUsuario","message":"getHistorialRecienteParaUsuario end","data":{"durationMs":584},"hypothesisId":"H2","timestamp":1771941517487}
{"location":"portal-inicio.ts:getRolesConProyectosVigentes","message":"getRolesConProyectosVigentes start","data":{},"timestamp":1771941518785,"hypothesisId":"H2"}
{"location":"portal-inicio.ts:getRolesConProyectosVigentes","message":"getRolesConProyectosVigentes end","data":{"durationMs":161},"hypothesisId":"H2","timestamp":1771941518946}
{"location":"portal-inicio.ts:getRolesConProyectosVigentes","message":"getRolesConProyectosVigentes start","data":{},"timestamp":1771941520746,"hypothesisId":"H2"}
{"location":"portal-inicio.ts:getRolesConProyectosVigentes","message":"getRolesConProyectosVigentes end","data":{"durationMs":109},"hypothesisId":"H2","timestamp":1771941520855}
{"location":"portal-inicio.ts:getRolesConProyectosVigentes","message":"getRolesConProyectosVigentes start","data":{},"timestamp":1771941522434,"hypothesisId":"H2"}
{"location":"portal-inicio.ts:getRolesConProyectosVigentes","message":"getRolesConProyectosVigentes end","data":{"durationMs":114},"hypothesisId":"H2","timestamp":1771941522548}
{"location":"portal-inicio.ts:getRolesConProyectosVigentes","message":"getRolesConProyectosVigentes start","data":{},"timestamp":1771941524516,"hypothesisId":"H2"}
{"location":"portal-inicio.ts:getRolesConProyectosVigentes","message":"getRolesConProyectosVigentes end","data":{"durationMs":119},"hypothesisId":"H2","timestamp":1771941524635}
{"location":"portal-inicio.ts:getRolesConProyectosVigentes","message":"getRolesConProyectosVigentes start","data":{},"timestamp":1771941526006,"hypothesisId":"H2"}
{"location":"portal-inicio.ts:getRolesConProyectosVigentes","message":"getRolesConProyectosVigentes end","data":{"durationMs":108},"hypothesisId":"H2","timestamp":1771941526114}
{"location":"portal-inicio.ts:getRolesConProyectosVigentes","message":"getRolesConProyectosVigentes start","data":{},"timestamp":1771941527928,"hypothesisId":"H2"}
{"location":"portal-inicio.ts:getRolesConProyectosVigentes","message":"getRolesConProyectosVigentes end","data":{"durationMs":95},"hypothesisId":"H2","timestamp":1771941528023}
{"location":"portal-inicio.ts:getRolesConProyectosVigentes","message":"getRolesConProyectosVigentes start","data":{},"timestamp":1771941536060,"hypothesisId":"H2"}
{"location":"portal-inicio.ts:getRolesConProyectosVigentes","message":"getRolesConProyectosVigentes end","data":{"durationMs":203},"hypothesisId":"H2","timestamp":1771941536263}
{"location":"portal-inicio.ts:getRolesConProyectosVigentes","message":"getRolesConProyectosVigentes start","data":{},"timestamp":1771942498212,"hypothesisId":"H2"}
{"location":"portal-inicio.ts:getRolesConProyectosVigentes","message":"getRolesConProyectosVigentes end","data":{"durationMs":154},"hypothesisId":"H2","timestamp":1771942498366}
{"location":"portal-inicio.ts:getRolesConProyectosVigentes","message":"getRolesConProyectosVigentes start","data":{},"timestamp":1771942499980,"hypothesisId":"H2"}
{"location":"portal-inicio.ts:getRolesConProyectosVigentes","message":"getRolesConProyectosVigentes end","data":{"durationMs":82},"hypothesisId":"H2","timestamp":1771942500062}
{"location":"portal-inicio.ts:getRolesConProyectosVigentes","message":"getRolesConProyectosVigentes start","data":{},"timestamp":1771942501418,"hypothesisId":"H2"}
{"location":"portal-inicio.ts:getRolesConProyectosVigentes","message":"getRolesConProyectosVigentes end","data":{"durationMs":96},"hypothesisId":"H2","timestamp":1771942501514}
{"location":"portal-inicio.ts:getProyectosDelUsuarioConRol","message":"getProyectosDelUsuarioConRol start","data":{"activeRole":"Encargado"},"timestamp":1771942501647,"hypothesisId":"H2"}
{"location":"portal-inicio.ts:getProyectosDelUsuarioConRol","message":"getProyectosDelUsuarioConRol end","data":{"durationMs":508},"hypothesisId":"H2","timestamp":1771942502155}
{"location":"portal-inicio.ts:getAlertasPortalUsuario","message":"getAlertasPortalUsuario start","data":{"activeRole":"Encargado"},"timestamp":1771942502276,"hypothesisId":"H2"}
{"location":"portal-inicio.ts:getAlertasPortalUsuario","message":"getAlertasPortalUsuario end","data":{"durationMs":1087},"hypothesisId":"H2","timestamp":1771942503363}
{"location":"seguimiento.ts:getProximasReunionesParaUsuario","message":"getProximasReunionesParaUsuario start","data":{"activeRole":"Encargado"},"timestamp":1771942503478,"hypothesisId":"H2"}
{"location":"seguimiento.ts:getProximasReunionesParaUsuario","message":"getProximasReunionesParaUsuario end","data":{"durationMs":362},"hypothesisId":"H2","timestamp":1771942503840}
{"location":"seguimiento.ts:getCompromisosPendientesParaUsuario","message":"getCompromisosPendientesParaUsuario start","data":{"activeRole":"Encargado"},"timestamp":1771942503956,"hypothesisId":"H2"}
{"location":"seguimiento.ts:getCompromisosPendientesParaUsuario","message":"getCompromisosPendientesParaUsuario end","data":{"durationMs":427},"hypothesisId":"H2","timestamp":1771942504383}
{"location":"historial.ts:getHistorialRecienteParaUsuario","message":"getHistorialRecienteParaUsuario start","data":{"activeRole":"Encargado"},"timestamp":1771942504496,"hypothesisId":"H2"}
{"location":"historial.ts:getHistorialRecienteParaUsuario","message":"getHistorialRecienteParaUsuario end","data":{"durationMs":623},"hypothesisId":"H2","timestamp":1771942505119}
{"location":"portal-inicio.ts:getRolesConProyectosVigentes","message":"getRolesConProyectosVigentes start","data":{},"timestamp":1771942505238,"hypothesisId":"H2"}
{"location":"portal-inicio.ts:getRolesConProyectosVigentes","message":"getRolesConProyectosVigentes end","data":{"durationMs":168},"hypothesisId":"H2","timestamp":1771942505406}
{"location":"portal-inicio.ts:getProyectosDelUsuarioConRol","message":"getProyectosDelUsuarioConRol start","data":{"activeRole":"Coordinador"},"timestamp":1771942512623,"hypothesisId":"H2"}
{"location":"portal-inicio.ts:getProyectosDelUsuarioConRol","message":"getProyectosDelUsuarioConRol end","data":{"durationMs":493},"hypothesisId":"H2","timestamp":1771942513116}
{"location":"portal-inicio.ts:getAlertasPortalUsuario","message":"getAlertasPortalUsuario start","data":{"activeRole":"Coordinador"},"timestamp":1771942514286,"hypothesisId":"H2"}
{"location":"portal-inicio.ts:getAlertasPortalUsuario","message":"getAlertasPortalUsuario end","data":{"durationMs":481},"hypothesisId":"H2","timestamp":1771942514767}
{"location":"seguimiento.ts:getProximasReunionesParaUsuario","message":"getProximasReunionesParaUsuario start","data":{"activeRole":"Coordinador"},"timestamp":1771942514887,"hypothesisId":"H2"}
{"location":"seguimiento.ts:getProximasReunionesParaUsuario","message":"getProximasReunionesParaUsuario end","data":{"durationMs":269},"hypothesisId":"H2","timestamp":1771942515156}
{"location":"seguimiento.ts:getCompromisosPendientesParaUsuario","message":"getCompromisosPendientesParaUsuario start","data":{"activeRole":"Coordinador"},"timestamp":1771942515266,"hypothesisId":"H2"}
{"location":"seguimiento.ts:getCompromisosPendientesParaUsuario","message":"getCompromisosPendientesParaUsuario end","data":{"durationMs":242},"hypothesisId":"H2","timestamp":1771942515508}
{"location":"historial.ts:getHistorialRecienteParaUsuario","message":"getHistorialRecienteParaUsuario start","data":{"activeRole":"Coordinador"},"timestamp":1771942515618,"hypothesisId":"H2"}
{"location":"historial.ts:getHistorialRecienteParaUsuario","message":"getHistorialRecienteParaUsuario end","data":{"durationMs":470},"hypothesisId":"H2","timestamp":1771942516088}
{"location":"portal-inicio.ts:getRolesConProyectosVigentes","message":"getRolesConProyectosVigentes start","data":{},"timestamp":1771942517431,"hypothesisId":"H2"}
{"location":"portal-inicio.ts:getRolesConProyectosVigentes","message":"getRolesConProyectosVigentes end","data":{"durationMs":80},"hypothesisId":"H2","timestamp":1771942517511}
{"location":"portal-inicio.ts:getRolesConProyectosVigentes","message":"getRolesConProyectosVigentes start","data":{},"timestamp":1771942518255,"hypothesisId":"H2"}
{"location":"portal-inicio.ts:getRolesConProyectosVigentes","message":"getRolesConProyectosVigentes end","data":{"durationMs":85},"hypothesisId":"H2","timestamp":1771942518340}
{"location":"portal-inicio.ts:getProyectosDelUsuarioConRol","message":"getProyectosDelUsuarioConRol start","data":{"activeRole":"Encargado"},"timestamp":1771942522429,"hypothesisId":"H2"}
{"location":"portal-inicio.ts:getProyectosDelUsuarioConRol","message":"getProyectosDelUsuarioConRol end","data":{"durationMs":235},"hypothesisId":"H2","timestamp":1771942522664}
{"location":"portal-inicio.ts:getAlertasPortalUsuario","message":"getAlertasPortalUsuario start","data":{"activeRole":"Encargado"},"timestamp":1771942522779,"hypothesisId":"H2"}
{"location":"portal-inicio.ts:getAlertasPortalUsuario","message":"getAlertasPortalUsuario end","data":{"durationMs":332},"hypothesisId":"H2","timestamp":1771942523111}
{"location":"seguimiento.ts:getProximasReunionesParaUsuario","message":"getProximasReunionesParaUsuario start","data":{"activeRole":"Encargado"},"timestamp":1771942523231,"hypothesisId":"H2"}
{"location":"seguimiento.ts:getProximasReunionesParaUsuario","message":"getProximasReunionesParaUsuario end","data":{"durationMs":161},"hypothesisId":"H2","timestamp":1771942523392}
{"location":"seguimiento.ts:getCompromisosPendientesParaUsuario","message":"getCompromisosPendientesParaUsuario start","data":{"activeRole":"Encargado"},"timestamp":1771942523504,"hypothesisId":"H2"}
{"location":"seguimiento.ts:getCompromisosPendientesParaUsuario","message":"getCompromisosPendientesParaUsuario end","data":{"durationMs":247},"hypothesisId":"H2","timestamp":1771942523751}
{"location":"historial.ts:getHistorialRecienteParaUsuario","message":"getHistorialRecienteParaUsuario start","data":{"activeRole":"Encargado"},"timestamp":1771942523865,"hypothesisId":"H2"}
{"location":"historial.ts:getHistorialRecienteParaUsuario","message":"getHistorialRecienteParaUsuario end","data":{"durationMs":343},"hypothesisId":"H2","timestamp":1771942524208}
{"location":"portal-inicio.ts:getRolesConProyectosVigentes","message":"getRolesConProyectosVigentes start","data":{},"timestamp":1771942525678,"hypothesisId":"H2"}
{"location":"portal-inicio.ts:getRolesConProyectosVigentes","message":"getRolesConProyectosVigentes end","data":{"durationMs":85},"hypothesisId":"H2","timestamp":1771942525763}
{"location":"portal-inicio.ts:getRolesConProyectosVigentes","message":"getRolesConProyectosVigentes start","data":{},"timestamp":1771942526467,"hypothesisId":"H2"}
{"location":"portal-inicio.ts:getRolesConProyectosVigentes","message":"getRolesConProyectosVigentes end","data":{"durationMs":83},"hypothesisId":"H2","timestamp":1771942526550}
{"location":"portal-inicio.ts:getRolesConProyectosVigentes","message":"getRolesConProyectosVigentes start","data":{},"timestamp":1771942732031,"hypothesisId":"H2"}
{"location":"portal-inicio.ts:getRolesConProyectosVigentes","message":"getRolesConProyectosVigentes end","data":{"durationMs":180},"hypothesisId":"H2","timestamp":1771942732211}
{"location":"portal-inicio.ts:getRolesConProyectosVigentes","message":"getRolesConProyectosVigentes start","data":{},"timestamp":1771942742024,"hypothesisId":"H2"}
{"location":"portal-inicio.ts:getRolesConProyectosVigentes","message":"getRolesConProyectosVigentes end","data":{"durationMs":106},"hypothesisId":"H2","timestamp":1771942742130}
{"location":"portal-inicio.ts:getRolesConProyectosVigentes","message":"getRolesConProyectosVigentes start","data":{},"timestamp":1771942750398,"hypothesisId":"H2"}
{"location":"portal-inicio.ts:getRolesConProyectosVigentes","message":"getRolesConProyectosVigentes end","data":{"durationMs":228},"hypothesisId":"H2","timestamp":1771942750626}
{"location":"portal-inicio.ts:getRolesConProyectosVigentes","message":"getRolesConProyectosVigentes start","data":{},"timestamp":1771942766920,"hypothesisId":"H2"}
{"location":"portal-inicio.ts:getRolesConProyectosVigentes","message":"getRolesConProyectosVigentes end","data":{"durationMs":99},"hypothesisId":"H2","timestamp":1771942767019}
{"location":"portal-inicio.ts:getRolesConProyectosVigentes","message":"getRolesConProyectosVigentes start","data":{},"timestamp":1771942771954,"hypothesisId":"H2"}
{"location":"portal-inicio.ts:getRolesConProyectosVigentes","message":"getRolesConProyectosVigentes end","data":{"durationMs":92},"hypothesisId":"H2","timestamp":1771942772046}
{"location":"portal-inicio.ts:getProyectosDelUsuarioConRol","message":"getProyectosDelUsuarioConRol start","data":{"activeRole":"Encargado"},"timestamp":1771942772158,"hypothesisId":"H2"}
{"location":"portal-inicio.ts:getProyectosDelUsuarioConRol","message":"getProyectosDelUsuarioConRol end","data":{"durationMs":442},"hypothesisId":"H2","timestamp":1771942772600}
{"location":"portal-inicio.ts:getAlertasPortalUsuario","message":"getAlertasPortalUsuario start","data":{"activeRole":"Encargado"},"timestamp":1771942772710,"hypothesisId":"H2"}
{"location":"portal-inicio.ts:getAlertasPortalUsuario","message":"getAlertasPortalUsuario end","data":{"durationMs":422},"hypothesisId":"H2","timestamp":1771942773132}
{"location":"seguimiento.ts:getProximasReunionesParaUsuario","message":"getProximasReunionesParaUsuario start","data":{"activeRole":"Encargado"},"timestamp":1771942773249,"hypothesisId":"H2"}
{"location":"seguimiento.ts:getProximasReunionesParaUsuario","message":"getProximasReunionesParaUsuario end","data":{"durationMs":252},"hypothesisId":"H2","timestamp":1771942773501}
{"location":"seguimiento.ts:getCompromisosPendientesParaUsuario","message":"getCompromisosPendientesParaUsuario start","data":{"activeRole":"Encargado"},"timestamp":1771942773619,"hypothesisId":"H2"}
{"location":"seguimiento.ts:getCompromisosPendientesParaUsuario","message":"getCompromisosPendientesParaUsuario end","data":{"durationMs":330},"hypothesisId":"H2","timestamp":1771942773949}
{"location":"historial.ts:getHistorialRecienteParaUsuario","message":"getHistorialRecienteParaUsuario start","data":{"activeRole":"Encargado"},"timestamp":1771942774064,"hypothesisId":"H2"}
{"location":"historial.ts:getHistorialRecienteParaUsuario","message":"getHistorialRecienteParaUsuario end","data":{"durationMs":492},"hypothesisId":"H2","timestamp":1771942774556}
{"location":"portal-inicio.ts:getRolesConProyectosVigentes","message":"getRolesConProyectosVigentes start","data":{},"timestamp":1771942774719,"hypothesisId":"H2"}
{"location":"portal-inicio.ts:getRolesConProyectosVigentes","message":"getRolesConProyectosVigentes end","data":{"durationMs":81},"hypothesisId":"H2","timestamp":1771942774800}
{"location":"portal-inicio.ts:getProyectosDelUsuarioConRol","message":"getProyectosDelUsuarioConRol start","data":{"activeRole":"Coordinador"},"timestamp":1771942778080,"hypothesisId":"H2"}
{"location":"portal-inicio.ts:getProyectosDelUsuarioConRol","message":"getProyectosDelUsuarioConRol end","data":{"durationMs":400},"hypothesisId":"H2","timestamp":1771942778480}
{"location":"portal-inicio.ts:getAlertasPortalUsuario","message":"getAlertasPortalUsuario start","data":{"activeRole":"Coordinador"},"timestamp":1771942778593,"hypothesisId":"H2"}
{"location":"portal-inicio.ts:getAlertasPortalUsuario","message":"getAlertasPortalUsuario end","data":{"durationMs":356},"hypothesisId":"H2","timestamp":1771942778949}
{"location":"seguimiento.ts:getProximasReunionesParaUsuario","message":"getProximasReunionesParaUsuario start","data":{"activeRole":"Coordinador"},"timestamp":1771942779064,"hypothesisId":"H2"}
{"location":"seguimiento.ts:getProximasReunionesParaUsuario","message":"getProximasReunionesParaUsuario end","data":{"durationMs":365},"hypothesisId":"H2","timestamp":1771942779429}
{"location":"seguimiento.ts:getCompromisosPendientesParaUsuario","message":"getCompromisosPendientesParaUsuario start","data":{"activeRole":"Coordinador"},"timestamp":1771942779541,"hypothesisId":"H2"}
{"location":"seguimiento.ts:getCompromisosPendientesParaUsuario","message":"getCompromisosPendientesParaUsuario end","data":{"durationMs":275},"hypothesisId":"H2","timestamp":1771942779816}
{"location":"historial.ts:getHistorialRecienteParaUsuario","message":"getHistorialRecienteParaUsuario start","data":{"activeRole":"Coordinador"},"timestamp":1771942779929,"hypothesisId":"H2"}
{"location":"historial.ts:getHistorialRecienteParaUsuario","message":"getHistorialRecienteParaUsuario end","data":{"durationMs":546},"hypothesisId":"H2","timestamp":1771942780475}
{"location":"portal-inicio.ts:getRolesConProyectosVigentes","message":"getRolesConProyectosVigentes start","data":{},"timestamp":1771942781977,"hypothesisId":"H2"}
{"location":"portal-inicio.ts:getRolesConProyectosVigentes","message":"getRolesConProyectosVigentes end","data":{"durationMs":192},"hypothesisId":"H2","timestamp":1771942782169}
{"location":"portal-inicio.ts:getRolesConProyectosVigentes","message":"getRolesConProyectosVigentes start","data":{},"timestamp":1771942782747,"hypothesisId":"H2"}
{"location":"portal-inicio.ts:getRolesConProyectosVigentes","message":"getRolesConProyectosVigentes end","data":{"durationMs":84},"hypothesisId":"H2","timestamp":1771942782831}
{"location":"portal-inicio.ts:getRolesConProyectosVigentes","message":"getRolesConProyectosVigentes start","data":{},"timestamp":1771942816328,"hypothesisId":"H2"}
{"location":"portal-inicio.ts:getRolesConProyectosVigentes","message":"getRolesConProyectosVigentes end","data":{"durationMs":799},"hypothesisId":"H2","timestamp":1771942817127}
{"location":"portal-inicio.ts:getRolesConProyectosVigentes","message":"getRolesConProyectosVigentes start","data":{},"timestamp":1771942818696,"hypothesisId":"H2"}
{"location":"portal-inicio.ts:getRolesConProyectosVigentes","message":"getRolesConProyectosVigentes end","data":{"durationMs":94},"hypothesisId":"H2","timestamp":1771942818790}
{"location":"portal-inicio.ts:getRolesConProyectosVigentes","message":"getRolesConProyectosVigentes start","data":{},"timestamp":1771942828734,"hypothesisId":"H2"}
{"location":"portal-inicio.ts:getRolesConProyectosVigentes","message":"getRolesConProyectosVigentes end","data":{"durationMs":100},"hypothesisId":"H2","timestamp":1771942828834}
{"location":"portal-inicio.ts:getRolesConProyectosVigentes","message":"getRolesConProyectosVigentes start","data":{},"timestamp":1771942830291,"hypothesisId":"H2"}
{"location":"portal-inicio.ts:getRolesConProyectosVigentes","message":"getRolesConProyectosVigentes end","data":{"durationMs":96},"hypothesisId":"H2","timestamp":1771942830387}
{"location":"portal-inicio.ts:getRolesConProyectosVigentes","message":"getRolesConProyectosVigentes start","data":{},"timestamp":1771943247433,"hypothesisId":"H2"}
{"location":"portal-inicio.ts:getRolesConProyectosVigentes","message":"getRolesConProyectosVigentes end","data":{"durationMs":858},"hypothesisId":"H2","timestamp":1771943248291}
{"location":"portal-inicio.ts:getProyectosDelUsuarioConRol","message":"getProyectosDelUsuarioConRol start","data":{"activeRole":"Coordinador"},"timestamp":1771943248411,"hypothesisId":"H2"}
{"location":"portal-inicio.ts:getProyectosDelUsuarioConRol","message":"getProyectosDelUsuarioConRol end","data":{"durationMs":540},"hypothesisId":"H2","timestamp":1771943248951}
{"location":"portal-inicio.ts:getAlertasPortalUsuario","message":"getAlertasPortalUsuario start","data":{"activeRole":"Coordinador"},"timestamp":1771943249067,"hypothesisId":"H2"}
{"location":"portal-inicio.ts:getAlertasPortalUsuario","message":"getAlertasPortalUsuario end","data":{"durationMs":1105},"hypothesisId":"H2","timestamp":1771943250172}
{"location":"seguimiento.ts:getProximasReunionesParaUsuario","message":"getProximasReunionesParaUsuario start","data":{"activeRole":"Coordinador"},"timestamp":1771943250298,"hypothesisId":"H2"}
{"location":"seguimiento.ts:getProximasReunionesParaUsuario","message":"getProximasReunionesParaUsuario end","data":{"durationMs":382},"hypothesisId":"H2","timestamp":1771943250680}
{"location":"seguimiento.ts:getCompromisosPendientesParaUsuario","message":"getCompromisosPendientesParaUsuario start","data":{"activeRole":"Coordinador"},"timestamp":1771943250804,"hypothesisId":"H2"}
{"location":"seguimiento.ts:getCompromisosPendientesParaUsuario","message":"getCompromisosPendientesParaUsuario end","data":{"durationMs":292},"hypothesisId":"H2","timestamp":1771943251096}
{"location":"historial.ts:getHistorialRecienteParaUsuario","message":"getHistorialRecienteParaUsuario start","data":{"activeRole":"Coordinador"},"timestamp":1771943251215,"hypothesisId":"H2"}
{"location":"historial.ts:getHistorialRecienteParaUsuario","message":"getHistorialRecienteParaUsuario end","data":{"durationMs":484},"hypothesisId":"H2","timestamp":1771943251699}
{"location":"portal-inicio.ts:getRolesConProyectosVigentes","message":"getRolesConProyectosVigentes start","data":{},"timestamp":1771943617155,"hypothesisId":"H2"}
{"location":"portal-inicio.ts:getRolesConProyectosVigentes","message":"getRolesConProyectosVigentes end","data":{"durationMs":176},"hypothesisId":"H2","timestamp":1771943617331}
{"location":"portal-inicio.ts:getProyectosDelUsuarioConRol","message":"getProyectosDelUsuarioConRol start","data":{"activeRole":"Coordinador"},"timestamp":1771943617453,"hypothesisId":"H2"}
{"location":"portal-inicio.ts:getProyectosDelUsuarioConRol","message":"getProyectosDelUsuarioConRol end","data":{"durationMs":513},"hypothesisId":"H2","timestamp":1771943617966}
{"location":"portal-inicio.ts:getAlertasPortalUsuario","message":"getAlertasPortalUsuario start","data":{"activeRole":"Coordinador"},"timestamp":1771943618127,"hypothesisId":"H2"}
{"location":"portal-inicio.ts:getAlertasPortalUsuario","message":"getAlertasPortalUsuario end","data":{"durationMs":1152},"hypothesisId":"H2","timestamp":1771943619279}
{"location":"seguimiento.ts:getProximasReunionesParaUsuario","message":"getProximasReunionesParaUsuario start","data":{"activeRole":"Coordinador"},"timestamp":1771943619417,"hypothesisId":"H2"}
{"location":"seguimiento.ts:getProximasReunionesParaUsuario","message":"getProximasReunionesParaUsuario end","data":{"durationMs":350},"hypothesisId":"H2","timestamp":1771943619767}
{"location":"seguimiento.ts:getCompromisosPendientesParaUsuario","message":"getCompromisosPendientesParaUsuario start","data":{"activeRole":"Coordinador"},"timestamp":1771943619885,"hypothesisId":"H2"}
{"location":"seguimiento.ts:getCompromisosPendientesParaUsuario","message":"getCompromisosPendientesParaUsuario end","data":{"durationMs":272},"hypothesisId":"H2","timestamp":1771943620157}
{"location":"historial.ts:getHistorialRecienteParaUsuario","message":"getHistorialRecienteParaUsuario start","data":{"activeRole":"Coordinador"},"timestamp":1771943620308,"hypothesisId":"H2"}
{"location":"historial.ts:getHistorialRecienteParaUsuario","message":"getHistorialRecienteParaUsuario end","data":{"durationMs":587},"hypothesisId":"H2","timestamp":1771943620895}
{"location":"portal-inicio.ts:getRolesConProyectosVigentes","message":"getRolesConProyectosVigentes start","data":{},"timestamp":1771943621017,"hypothesisId":"H2"}
{"location":"portal-inicio.ts:getRolesConProyectosVigentes","message":"getRolesConProyectosVigentes end","data":{"durationMs":178},"hypothesisId":"H2","timestamp":1771943621195}
{"location":"portal-inicio.ts:getProyectosDelUsuarioConRol","message":"getProyectosDelUsuarioConRol start","data":{"activeRole":"Encargado"},"timestamp":1771943622190,"hypothesisId":"H2"}
{"location":"portal-inicio.ts:getProyectosDelUsuarioConRol","message":"getProyectosDelUsuarioConRol end","data":{"durationMs":541},"hypothesisId":"H2","timestamp":1771943622731}
{"location":"portal-inicio.ts:getAlertasPortalUsuario","message":"getAlertasPortalUsuario start","data":{"activeRole":"Encargado"},"timestamp":1771943622848,"hypothesisId":"H2"}
{"location":"portal-inicio.ts:getAlertasPortalUsuario","message":"getAlertasPortalUsuario end","data":{"durationMs":467},"hypothesisId":"H2","timestamp":1771943623315}
{"location":"seguimiento.ts:getProximasReunionesParaUsuario","message":"getProximasReunionesParaUsuario start","data":{"activeRole":"Encargado"},"timestamp":1771943623434,"hypothesisId":"H2"}
{"location":"seguimiento.ts:getProximasReunionesParaUsuario","message":"getProximasReunionesParaUsuario end","data":{"durationMs":357},"hypothesisId":"H2","timestamp":1771943623791}
{"location":"seguimiento.ts:getCompromisosPendientesParaUsuario","message":"getCompromisosPendientesParaUsuario start","data":{"activeRole":"Encargado"},"timestamp":1771943623916,"hypothesisId":"H2"}
{"location":"seguimiento.ts:getCompromisosPendientesParaUsuario","message":"getCompromisosPendientesParaUsuario end","data":{"durationMs":358},"hypothesisId":"H2","timestamp":1771943624274}
{"location":"historial.ts:getHistorialRecienteParaUsuario","message":"getHistorialRecienteParaUsuario start","data":{"activeRole":"Encargado"},"timestamp":1771943624386,"hypothesisId":"H2"}
{"location":"historial.ts:getHistorialRecienteParaUsuario","message":"getHistorialRecienteParaUsuario end","data":{"durationMs":610},"hypothesisId":"H2","timestamp":1771943624996}
{"location":"portal-inicio.ts:getRolesConProyectosVigentes","message":"getRolesConProyectosVigentes start","data":{},"timestamp":1771943626521,"hypothesisId":"H2"}
{"location":"portal-inicio.ts:getRolesConProyectosVigentes","message":"getRolesConProyectosVigentes end","data":{"durationMs":174},"hypothesisId":"H2","timestamp":1771943626695}
{"location":"portal-inicio.ts:getRolesConProyectosVigentes","message":"getRolesConProyectosVigentes start","data":{},"timestamp":1771943627362,"hypothesisId":"H2"}
{"location":"portal-inicio.ts:getRolesConProyectosVigentes","message":"getRolesConProyectosVigentes end","data":{"durationMs":101},"hypothesisId":"H2","timestamp":1771943627463}
{"location":"portal-inicio.ts:getRolesConProyectosVigentes","message":"getRolesConProyectosVigentes start","data":{},"timestamp":1771943661612,"hypothesisId":"H2"}
{"location":"portal-inicio.ts:getRolesConProyectosVigentes","message":"getRolesConProyectosVigentes end","data":{"durationMs":200},"hypothesisId":"H2","timestamp":1771943661812}
{"location":"portal-inicio.ts:getProyectosDelUsuarioConRol","message":"getProyectosDelUsuarioConRol start","data":{"activeRole":"Encargado"},"timestamp":1771943661938,"hypothesisId":"H2"}
{"location":"portal-inicio.ts:getProyectosDelUsuarioConRol","message":"getProyectosDelUsuarioConRol end","data":{"durationMs":570},"hypothesisId":"H2","timestamp":1771943662508}
{"location":"portal-inicio.ts:getAlertasPortalUsuario","message":"getAlertasPortalUsuario start","data":{"activeRole":"Encargado"},"timestamp":1771943662800,"hypothesisId":"H2"}
{"location":"portal-inicio.ts:getAlertasPortalUsuario","message":"getAlertasPortalUsuario end","data":{"durationMs":443},"hypothesisId":"H2","timestamp":1771943663243}
{"location":"seguimiento.ts:getProximasReunionesParaUsuario","message":"getProximasReunionesParaUsuario start","data":{"activeRole":"Encargado"},"timestamp":1771943663367,"hypothesisId":"H2"}
{"location":"seguimiento.ts:getProximasReunionesParaUsuario","message":"getProximasReunionesParaUsuario end","data":{"durationMs":281},"hypothesisId":"H2","timestamp":1771943663648}
{"location":"seguimiento.ts:getCompromisosPendientesParaUsuario","message":"getCompromisosPendientesParaUsuario start","data":{"activeRole":"Encargado"},"timestamp":1771943663823,"hypothesisId":"H2"}
{"location":"seguimiento.ts:getCompromisosPendientesParaUsuario","message":"getCompromisosPendientesParaUsuario end","data":{"durationMs":337},"hypothesisId":"H2","timestamp":1771943664160}
{"location":"historial.ts:getHistorialRecienteParaUsuario","message":"getHistorialRecienteParaUsuario start","data":{"activeRole":"Encargado"},"timestamp":1771943664279,"hypothesisId":"H2"}
{"location":"historial.ts:getHistorialRecienteParaUsuario","message":"getHistorialRecienteParaUsuario end","data":{"durationMs":621},"hypothesisId":"H2","timestamp":1771943664900}
{"location":"portal-inicio.ts:getRolesConProyectosVigentes","message":"getRolesConProyectosVigentes start","data":{},"timestamp":1771943665176,"hypothesisId":"H2"}
{"location":"portal-inicio.ts:getRolesConProyectosVigentes","message":"getRolesConProyectosVigentes end","data":{"durationMs":92},"hypothesisId":"H2","timestamp":1771943665268}
{"location":"portal-inicio.ts:getRolesConProyectosVigentes","message":"getRolesConProyectosVigentes start","data":{},"timestamp":1771943665387,"hypothesisId":"H2"}
{"location":"portal-inicio.ts:getRolesConProyectosVigentes","message":"getRolesConProyectosVigentes end","data":{"durationMs":82},"hypothesisId":"H2","timestamp":1771943665469}
{"location":"portal-inicio.ts:getRolesConProyectosVigentes","message":"getRolesConProyectosVigentes start","data":{},"timestamp":1771943666348,"hypothesisId":"H2"}
{"location":"portal-inicio.ts:getRolesConProyectosVigentes","message":"getRolesConProyectosVigentes end","data":{"durationMs":93},"hypothesisId":"H2","timestamp":1771943666441}
{"location":"portal-inicio.ts:getRolesConProyectosVigentes","message":"getRolesConProyectosVigentes start","data":{},"timestamp":1771943667959,"hypothesisId":"H2"}
{"location":"portal-inicio.ts:getRolesConProyectosVigentes","message":"getRolesConProyectosVigentes end","data":{"durationMs":128},"hypothesisId":"H2","timestamp":1771943668087}
{"location":"portal-inicio.ts:getRolesConProyectosVigentes","message":"getRolesConProyectosVigentes start","data":{},"timestamp":1771943669328,"hypothesisId":"H2"}
{"location":"portal-inicio.ts:getRolesConProyectosVigentes","message":"getRolesConProyectosVigentes end","data":{"durationMs":101},"hypothesisId":"H2","timestamp":1771943669429}
{"location":"portal-inicio.ts:getRolesConProyectosVigentes","message":"getRolesConProyectosVigentes start","data":{},"timestamp":1771943675260,"hypothesisId":"H2"}
{"location":"portal-inicio.ts:getRolesConProyectosVigentes","message":"getRolesConProyectosVigentes end","data":{"durationMs":122},"hypothesisId":"H2","timestamp":1771943675382}
{"location":"portal-inicio.ts:getRolesConProyectosVigentes","message":"getRolesConProyectosVigentes start","data":{},"timestamp":1771943676179,"hypothesisId":"H2"}
{"location":"portal-inicio.ts:getRolesConProyectosVigentes","message":"getRolesConProyectosVigentes end","data":{"durationMs":98},"hypothesisId":"H2","timestamp":1771943676277}
{"location":"portal-inicio.ts:getRolesConProyectosVigentes","message":"getRolesConProyectosVigentes start","data":{},"timestamp":1771943681527,"hypothesisId":"H2"}
{"location":"portal-inicio.ts:getRolesConProyectosVigentes","message":"getRolesConProyectosVigentes end","data":{"durationMs":174},"hypothesisId":"H2","timestamp":1771943681701}
{"location":"portal-inicio.ts:getProyectosDelUsuarioConRol","message":"getProyectosDelUsuarioConRol start","data":{"activeRole":"Coordinador"},"timestamp":1771943735606,"hypothesisId":"H2"}
{"location":"portal-inicio.ts:getProyectosDelUsuarioConRol","message":"getProyectosDelUsuarioConRol end","data":{"durationMs":881},"hypothesisId":"H2","timestamp":1771943736487}
{"location":"portal-inicio.ts:getAlertasPortalUsuario","message":"getAlertasPortalUsuario start","data":{"activeRole":"Coordinador"},"timestamp":1771943736607,"hypothesisId":"H2"}
{"location":"portal-inicio.ts:getAlertasPortalUsuario","message":"getAlertasPortalUsuario end","data":{"durationMs":732},"hypothesisId":"H2","timestamp":1771943737339}
{"location":"seguimiento.ts:getProximasReunionesParaUsuario","message":"getProximasReunionesParaUsuario start","data":{"activeRole":"Coordinador"},"timestamp":1771943737459,"hypothesisId":"H2"}
{"location":"seguimiento.ts:getProximasReunionesParaUsuario","message":"getProximasReunionesParaUsuario end","data":{"durationMs":276},"hypothesisId":"H2","timestamp":1771943737735}
{"location":"seguimiento.ts:getCompromisosPendientesParaUsuario","message":"getCompromisosPendientesParaUsuario start","data":{"activeRole":"Coordinador"},"timestamp":1771943737845,"hypothesisId":"H2"}
{"location":"seguimiento.ts:getCompromisosPendientesParaUsuario","message":"getCompromisosPendientesParaUsuario end","data":{"durationMs":275},"hypothesisId":"H2","timestamp":1771943738120}
{"location":"historial.ts:getHistorialRecienteParaUsuario","message":"getHistorialRecienteParaUsuario start","data":{"activeRole":"Coordinador"},"timestamp":1771943738235,"hypothesisId":"H2"}
{"location":"historial.ts:getHistorialRecienteParaUsuario","message":"getHistorialRecienteParaUsuario end","data":{"durationMs":523},"hypothesisId":"H2","timestamp":1771943738758}
{"location":"portal-inicio.ts:getRolesConProyectosVigentes","message":"getRolesConProyectosVigentes start","data":{},"timestamp":1771943740339,"hypothesisId":"H2"}
{"location":"portal-inicio.ts:getRolesConProyectosVigentes","message":"getRolesConProyectosVigentes end","data":{"durationMs":125},"hypothesisId":"H2","timestamp":1771943740464}
{"location":"portal-inicio.ts:getProyectosDelUsuarioConRol","message":"getProyectosDelUsuarioConRol start","data":{"activeRole":"Encargado"},"timestamp":1771943740732,"hypothesisId":"H2"}
{"location":"portal-inicio.ts:getProyectosDelUsuarioConRol","message":"getProyectosDelUsuarioConRol end","data":{"durationMs":282},"hypothesisId":"H2","timestamp":1771943741014}
{"location":"portal-inicio.ts:getAlertasPortalUsuario","message":"getAlertasPortalUsuario start","data":{"activeRole":"Encargado"},"timestamp":1771943741136,"hypothesisId":"H2"}
{"location":"portal-inicio.ts:getAlertasPortalUsuario","message":"getAlertasPortalUsuario end","data":{"durationMs":383},"hypothesisId":"H2","timestamp":1771943741519}
{"location":"seguimiento.ts:getProximasReunionesParaUsuario","message":"getProximasReunionesParaUsuario start","data":{"activeRole":"Encargado"},"timestamp":1771943741669,"hypothesisId":"H2"}
{"location":"seguimiento.ts:getProximasReunionesParaUsuario","message":"getProximasReunionesParaUsuario end","data":{"durationMs":269},"hypothesisId":"H2","timestamp":1771943741938}
{"location":"seguimiento.ts:getCompromisosPendientesParaUsuario","message":"getCompromisosPendientesParaUsuario start","data":{"activeRole":"Encargado"},"timestamp":1771943742112,"hypothesisId":"H2"}
{"location":"seguimiento.ts:getCompromisosPendientesParaUsuario","message":"getCompromisosPendientesParaUsuario end","data":{"durationMs":358},"hypothesisId":"H2","timestamp":1771943742470}
{"location":"historial.ts:getHistorialRecienteParaUsuario","message":"getHistorialRecienteParaUsuario start","data":{"activeRole":"Encargado"},"timestamp":1771943742581,"hypothesisId":"H2"}
{"location":"historial.ts:getHistorialRecienteParaUsuario","message":"getHistorialRecienteParaUsuario end","data":{"durationMs":551},"hypothesisId":"H2","timestamp":1771943743132}
{"location":"portal-inicio.ts:getProyectosDelUsuarioConRol","message":"getProyectosDelUsuarioConRol start","data":{"activeRole":"Coordinador"},"timestamp":1771943743275,"hypothesisId":"H2"}
{"location":"portal-inicio.ts:getProyectosDelUsuarioConRol","message":"getProyectosDelUsuarioConRol end","data":{"durationMs":255},"hypothesisId":"H2","timestamp":1771943743530}
{"location":"portal-inicio.ts:getAlertasPortalUsuario","message":"getAlertasPortalUsuario start","data":{"activeRole":"Coordinador"},"timestamp":1771943743643,"hypothesisId":"H2"}
{"location":"portal-inicio.ts:getAlertasPortalUsuario","message":"getAlertasPortalUsuario end","data":{"durationMs":290},"hypothesisId":"H2","timestamp":1771943743933}
{"location":"seguimiento.ts:getProximasReunionesParaUsuario","message":"getProximasReunionesParaUsuario start","data":{"activeRole":"Coordinador"},"timestamp":1771943744050,"hypothesisId":"H2"}
{"location":"seguimiento.ts:getProximasReunionesParaUsuario","message":"getProximasReunionesParaUsuario end","data":{"durationMs":197},"hypothesisId":"H2","timestamp":1771943744247}
{"location":"seguimiento.ts:getCompromisosPendientesParaUsuario","message":"getCompromisosPendientesParaUsuario start","data":{"activeRole":"Coordinador"},"timestamp":1771943744364,"hypothesisId":"H2"}
{"location":"seguimiento.ts:getCompromisosPendientesParaUsuario","message":"getCompromisosPendientesParaUsuario end","data":{"durationMs":206},"hypothesisId":"H2","timestamp":1771943744570}
{"location":"historial.ts:getHistorialRecienteParaUsuario","message":"getHistorialRecienteParaUsuario start","data":{"activeRole":"Coordinador"},"timestamp":1771943744694,"hypothesisId":"H2"}
{"location":"historial.ts:getHistorialRecienteParaUsuario","message":"getHistorialRecienteParaUsuario end","data":{"durationMs":369},"hypothesisId":"H2","timestamp":1771943745063}
{"location":"portal-inicio.ts:getRolesConProyectosVigentes","message":"getRolesConProyectosVigentes start","data":{},"timestamp":1771943745176,"hypothesisId":"H2"}
{"location":"portal-inicio.ts:getRolesConProyectosVigentes","message":"getRolesConProyectosVigentes end","data":{"durationMs":83},"hypothesisId":"H2","timestamp":1771943745259}
{"location":"portal-inicio.ts:getProyectosDelUsuarioConRol","message":"getProyectosDelUsuarioConRol start","data":{"activeRole":"Encargado"},"timestamp":1771943750797,"hypothesisId":"H2"}
{"location":"portal-inicio.ts:getProyectosDelUsuarioConRol","message":"getProyectosDelUsuarioConRol end","data":{"durationMs":359},"hypothesisId":"H2","timestamp":1771943751156}
{"location":"portal-inicio.ts:getAlertasPortalUsuario","message":"getAlertasPortalUsuario start","data":{"activeRole":"Encargado"},"timestamp":1771943751551,"hypothesisId":"H2"}
{"location":"portal-inicio.ts:getAlertasPortalUsuario","message":"getAlertasPortalUsuario end","data":{"durationMs":367},"hypothesisId":"H2","timestamp":1771943751918}
{"location":"seguimiento.ts:getProximasReunionesParaUsuario","message":"getProximasReunionesParaUsuario start","data":{"activeRole":"Encargado"},"timestamp":1771943752058,"hypothesisId":"H2"}
{"location":"seguimiento.ts:getProximasReunionesParaUsuario","message":"getProximasReunionesParaUsuario end","data":{"durationMs":269},"hypothesisId":"H2","timestamp":1771943752327}
{"location":"seguimiento.ts:getCompromisosPendientesParaUsuario","message":"getCompromisosPendientesParaUsuario start","data":{"activeRole":"Encargado"},"timestamp":1771943752498,"hypothesisId":"H2"}
{"location":"seguimiento.ts:getCompromisosPendientesParaUsuario","message":"getCompromisosPendientesParaUsuario end","data":{"durationMs":306},"hypothesisId":"H2","timestamp":1771943752804}
{"location":"historial.ts:getHistorialRecienteParaUsuario","message":"getHistorialRecienteParaUsuario start","data":{"activeRole":"Encargado"},"timestamp":1771943752958,"hypothesisId":"H2"}
{"location":"historial.ts:getHistorialRecienteParaUsuario","message":"getHistorialRecienteParaUsuario end","data":{"durationMs":367},"hypothesisId":"H2","timestamp":1771943753325}
{"location":"portal-inicio.ts:getRolesConProyectosVigentes","message":"getRolesConProyectosVigentes start","data":{},"timestamp":1771943754949,"hypothesisId":"H2"}
{"location":"portal-inicio.ts:getRolesConProyectosVigentes","message":"getRolesConProyectosVigentes end","data":{"durationMs":104},"hypothesisId":"H2","timestamp":1771943755053}
{"location":"portal-inicio.ts:getRolesConProyectosVigentes","message":"getRolesConProyectosVigentes start","data":{},"timestamp":1771943755795,"hypothesisId":"H2"}
{"location":"portal-inicio.ts:getRolesConProyectosVigentes","message":"getRolesConProyectosVigentes end","data":{"durationMs":84},"hypothesisId":"H2","timestamp":1771943755879}
{"location":"portal-inicio.ts:getProyectosDelUsuarioConRol","message":"getProyectosDelUsuarioConRol start","data":{"activeRole":"Coordinador"},"timestamp":1771943757432,"hypothesisId":"H2"}
{"location":"portal-inicio.ts:getProyectosDelUsuarioConRol","message":"getProyectosDelUsuarioConRol end","data":{"durationMs":423},"hypothesisId":"H2","timestamp":1771943757855}
{"location":"portal-inicio.ts:getAlertasPortalUsuario","message":"getAlertasPortalUsuario start","data":{"activeRole":"Coordinador"},"timestamp":1771943758034,"hypothesisId":"H2"}
{"location":"portal-inicio.ts:getAlertasPortalUsuario","message":"getAlertasPortalUsuario end","data":{"durationMs":397},"hypothesisId":"H2","timestamp":1771943758431}
{"location":"seguimiento.ts:getProximasReunionesParaUsuario","message":"getProximasReunionesParaUsuario start","data":{"activeRole":"Coordinador"},"timestamp":1771943758581,"hypothesisId":"H2"}
{"location":"seguimiento.ts:getProximasReunionesParaUsuario","message":"getProximasReunionesParaUsuario end","data":{"durationMs":162},"hypothesisId":"H2","timestamp":1771943758743}
{"location":"seguimiento.ts:getCompromisosPendientesParaUsuario","message":"getCompromisosPendientesParaUsuario start","data":{"activeRole":"Coordinador"},"timestamp":1771943758868,"hypothesisId":"H2"}
{"location":"seguimiento.ts:getCompromisosPendientesParaUsuario","message":"getCompromisosPendientesParaUsuario end","data":{"durationMs":163},"hypothesisId":"H2","timestamp":1771943759031}
{"location":"historial.ts:getHistorialRecienteParaUsuario","message":"getHistorialRecienteParaUsuario start","data":{"activeRole":"Coordinador"},"timestamp":1771943759164,"hypothesisId":"H2"}
{"location":"historial.ts:getHistorialRecienteParaUsuario","message":"getHistorialRecienteParaUsuario end","data":{"durationMs":339},"hypothesisId":"H2","timestamp":1771943759503}
{"location":"portal-inicio.ts:getRolesConProyectosVigentes","message":"getRolesConProyectosVigentes start","data":{},"timestamp":1771943761116,"hypothesisId":"H2"}
{"location":"portal-inicio.ts:getRolesConProyectosVigentes","message":"getRolesConProyectosVigentes end","data":{"durationMs":95},"hypothesisId":"H2","timestamp":1771943761211}
{"location":"portal-inicio.ts:getRolesConProyectosVigentes","message":"getRolesConProyectosVigentes start","data":{},"timestamp":1771943761908,"hypothesisId":"H2"}
{"location":"portal-inicio.ts:getRolesConProyectosVigentes","message":"getRolesConProyectosVigentes end","data":{"durationMs":86},"hypothesisId":"H2","timestamp":1771943761994}
{"location":"portal-inicio.ts:getRolesConProyectosVigentes","message":"getRolesConProyectosVigentes start","data":{},"timestamp":1771943822917,"hypothesisId":"H2"}
{"location":"portal-inicio.ts:getRolesConProyectosVigentes","message":"getRolesConProyectosVigentes end","data":{"durationMs":194},"hypothesisId":"H2","timestamp":1771943823111}
{"location":"portal-inicio.ts:getRolesConProyectosVigentes","message":"getRolesConProyectosVigentes start","data":{},"timestamp":1771943842661,"hypothesisId":"H2"}
{"location":"portal-inicio.ts:getRolesConProyectosVigentes","message":"getRolesConProyectosVigentes end","data":{"durationMs":197},"hypothesisId":"H2","timestamp":1771943842858}
{"location":"portal-inicio.ts:getRolesConProyectosVigentes","message":"getRolesConProyectosVigentes start","data":{},"timestamp":1771943880635,"hypothesisId":"H2"}
{"location":"portal-inicio.ts:getRolesConProyectosVigentes","message":"getRolesConProyectosVigentes end","data":{"durationMs":200},"hypothesisId":"H2","timestamp":1771943880835}
{"location":"portal-inicio.ts:getProyectosDelUsuarioConRol","message":"getProyectosDelUsuarioConRol start","data":{"activeRole":"Coordinador"},"timestamp":1771943880956,"hypothesisId":"H2"}
{"location":"portal-inicio.ts:getProyectosDelUsuarioConRol","message":"getProyectosDelUsuarioConRol end","data":{"durationMs":266},"hypothesisId":"H2","timestamp":1771943881222}
{"location":"portal-inicio.ts:getAlertasPortalUsuario","message":"getAlertasPortalUsuario start","data":{"activeRole":"Coordinador"},"timestamp":1771943881399,"hypothesisId":"H2"}
{"location":"portal-inicio.ts:getAlertasPortalUsuario","message":"getAlertasPortalUsuario end","data":{"durationMs":380},"hypothesisId":"H2","timestamp":1771943881779}
{"location":"seguimiento.ts:getProximasReunionesParaUsuario","message":"getProximasReunionesParaUsuario start","data":{"activeRole":"Coordinador"},"timestamp":1771943881908,"hypothesisId":"H2"}
{"location":"seguimiento.ts:getProximasReunionesParaUsuario","message":"getProximasReunionesParaUsuario end","data":{"durationMs":291},"hypothesisId":"H2","timestamp":1771943882199}
{"location":"seguimiento.ts:getCompromisosPendientesParaUsuario","message":"getCompromisosPendientesParaUsuario start","data":{"activeRole":"Coordinador"},"timestamp":1771943882329,"hypothesisId":"H2"}
{"location":"seguimiento.ts:getCompromisosPendientesParaUsuario","message":"getCompromisosPendientesParaUsuario end","data":{"durationMs":283},"hypothesisId":"H2","timestamp":1771943882612}
{"location":"historial.ts:getHistorialRecienteParaUsuario","message":"getHistorialRecienteParaUsuario start","data":{"activeRole":"Coordinador"},"timestamp":1771943882736,"hypothesisId":"H2"}
{"location":"historial.ts:getHistorialRecienteParaUsuario","message":"getHistorialRecienteParaUsuario end","data":{"durationMs":467},"hypothesisId":"H2","timestamp":1771943883203}
{"location":"portal-inicio.ts:getProyectosDelUsuarioConRol","message":"getProyectosDelUsuarioConRol start","data":{"activeRole":"Encargado"},"timestamp":1771943885487,"hypothesisId":"H2"}
{"location":"portal-inicio.ts:getProyectosDelUsuarioConRol","message":"getProyectosDelUsuarioConRol end","data":{"durationMs":276},"hypothesisId":"H2","timestamp":1771943885763}
{"location":"portal-inicio.ts:getAlertasPortalUsuario","message":"getAlertasPortalUsuario start","data":{"activeRole":"Encargado"},"timestamp":1771943885879,"hypothesisId":"H2"}
{"location":"portal-inicio.ts:getAlertasPortalUsuario","message":"getAlertasPortalUsuario end","data":{"durationMs":284},"hypothesisId":"H2","timestamp":1771943886163}
{"location":"seguimiento.ts:getProximasReunionesParaUsuario","message":"getProximasReunionesParaUsuario start","data":{"activeRole":"Encargado"},"timestamp":1771943886292,"hypothesisId":"H2"}
{"location":"seguimiento.ts:getProximasReunionesParaUsuario","message":"getProximasReunionesParaUsuario end","data":{"durationMs":188},"hypothesisId":"H2","timestamp":1771943886480}
{"location":"seguimiento.ts:getCompromisosPendientesParaUsuario","message":"getCompromisosPendientesParaUsuario start","data":{"activeRole":"Encargado"},"timestamp":1771943886594,"hypothesisId":"H2"}
{"location":"seguimiento.ts:getCompromisosPendientesParaUsuario","message":"getCompromisosPendientesParaUsuario end","data":{"durationMs":289},"hypothesisId":"H2","timestamp":1771943886883}
{"location":"historial.ts:getHistorialRecienteParaUsuario","message":"getHistorialRecienteParaUsuario start","data":{"activeRole":"Encargado"},"timestamp":1771943887054,"hypothesisId":"H2"}
{"location":"historial.ts:getHistorialRecienteParaUsuario","message":"getHistorialRecienteParaUsuario end","data":{"durationMs":345},"hypothesisId":"H2","timestamp":1771943887399}
{"location":"portal-inicio.ts:getRolesConProyectosVigentes","message":"getRolesConProyectosVigentes start","data":{},"timestamp":1771943889016,"hypothesisId":"H2"}
{"location":"portal-inicio.ts:getRolesConProyectosVigentes","message":"getRolesConProyectosVigentes end","data":{"durationMs":101},"hypothesisId":"H2","timestamp":1771943889117}
{"location":"portal-inicio.ts:getRolesConProyectosVigentes","message":"getRolesConProyectosVigentes start","data":{},"timestamp":1771943889867,"hypothesisId":"H2"}
{"location":"portal-inicio.ts:getRolesConProyectosVigentes","message":"getRolesConProyectosVigentes end","data":{"durationMs":103},"hypothesisId":"H2","timestamp":1771943889970}
{"location":"portal-inicio.ts:getProyectosDelUsuarioConRol","message":"getProyectosDelUsuarioConRol start","data":{"activeRole":"Coordinador"},"timestamp":1771943892036,"hypothesisId":"H2"}
{"location":"portal-inicio.ts:getProyectosDelUsuarioConRol","message":"getProyectosDelUsuarioConRol end","data":{"durationMs":238},"hypothesisId":"H2","timestamp":1771943892274}
{"location":"portal-inicio.ts:getAlertasPortalUsuario","message":"getAlertasPortalUsuario start","data":{"activeRole":"Coordinador"},"timestamp":1771943892389,"hypothesisId":"H2"}
{"location":"portal-inicio.ts:getAlertasPortalUsuario","message":"getAlertasPortalUsuario end","data":{"durationMs":253},"hypothesisId":"H2","timestamp":1771943892642}
{"location":"seguimiento.ts:getProximasReunionesParaUsuario","message":"getProximasReunionesParaUsuario start","data":{"activeRole":"Coordinador"},"timestamp":1771943892792,"hypothesisId":"H2"}
{"location":"seguimiento.ts:getProximasReunionesParaUsuario","message":"getProximasReunionesParaUsuario end","data":{"durationMs":174},"hypothesisId":"H2","timestamp":1771943892966}
{"location":"seguimiento.ts:getCompromisosPendientesParaUsuario","message":"getCompromisosPendientesParaUsuario start","data":{"activeRole":"Coordinador"},"timestamp":1771943893084,"hypothesisId":"H2"}
{"location":"seguimiento.ts:getCompromisosPendientesParaUsuario","message":"getCompromisosPendientesParaUsuario end","data":{"durationMs":274},"hypothesisId":"H2","timestamp":1771943893358}
{"location":"historial.ts:getHistorialRecienteParaUsuario","message":"getHistorialRecienteParaUsuario start","data":{"activeRole":"Coordinador"},"timestamp":1771943893488,"hypothesisId":"H2"}
{"location":"historial.ts:getHistorialRecienteParaUsuario","message":"getHistorialRecienteParaUsuario end","data":{"durationMs":322},"hypothesisId":"H2","timestamp":1771943893810}
{"location":"portal-inicio.ts:getRolesConProyectosVigentes","message":"getRolesConProyectosVigentes start","data":{},"timestamp":1771943895227,"hypothesisId":"H2"}
{"location":"portal-inicio.ts:getRolesConProyectosVigentes","message":"getRolesConProyectosVigentes end","data":{"durationMs":85},"hypothesisId":"H2","timestamp":1771943895312}
{"location":"portal-inicio.ts:getRolesConProyectosVigentes","message":"getRolesConProyectosVigentes start","data":{},"timestamp":1771943896226,"hypothesisId":"H2"}
{"location":"portal-inicio.ts:getRolesConProyectosVigentes","message":"getRolesConProyectosVigentes end","data":{"durationMs":172},"hypothesisId":"H2","timestamp":1771943896398}
{"location":"portal-inicio.ts:getProyectosDelUsuarioConRol","message":"getProyectosDelUsuarioConRol start","data":{"activeRole":"Encargado"},"timestamp":1771943918491,"hypothesisId":"H2"}
{"location":"portal-inicio.ts:getProyectosDelUsuarioConRol","message":"getProyectosDelUsuarioConRol end","data":{"durationMs":1114},"hypothesisId":"H2","timestamp":1771943919605}
{"location":"portal-inicio.ts:getAlertasPortalUsuario","message":"getAlertasPortalUsuario start","data":{"activeRole":"Encargado"},"timestamp":1771943919723,"hypothesisId":"H2"}
{"location":"portal-inicio.ts:getAlertasPortalUsuario","message":"getAlertasPortalUsuario end","data":{"durationMs":1110},"hypothesisId":"H2","timestamp":1771943920833}
{"location":"seguimiento.ts:getProximasReunionesParaUsuario","message":"getProximasReunionesParaUsuario start","data":{"activeRole":"Encargado"},"timestamp":1771943920946,"hypothesisId":"H2"}
{"location":"seguimiento.ts:getProximasReunionesParaUsuario","message":"getProximasReunionesParaUsuario end","data":{"durationMs":359},"hypothesisId":"H2","timestamp":1771943921305}
{"location":"seguimiento.ts:getCompromisosPendientesParaUsuario","message":"getCompromisosPendientesParaUsuario start","data":{"activeRole":"Encargado"},"timestamp":1771943921417,"hypothesisId":"H2"}
{"location":"seguimiento.ts:getCompromisosPendientesParaUsuario","message":"getCompromisosPendientesParaUsuario end","data":{"durationMs":464},"hypothesisId":"H2","timestamp":1771943921881}
{"location":"historial.ts:getHistorialRecienteParaUsuario","message":"getHistorialRecienteParaUsuario start","data":{"activeRole":"Encargado"},"timestamp":1771943921996,"hypothesisId":"H2"}
{"location":"historial.ts:getHistorialRecienteParaUsuario","message":"getHistorialRecienteParaUsuario end","data":{"durationMs":585},"hypothesisId":"H2","timestamp":1771943922581}
{"location":"portal-inicio.ts:getRolesConProyectosVigentes","message":"getRolesConProyectosVigentes start","data":{},"timestamp":1771943924365,"hypothesisId":"H2"}
{"location":"portal-inicio.ts:getRolesConProyectosVigentes","message":"getRolesConProyectosVigentes end","data":{"durationMs":209},"hypothesisId":"H2","timestamp":1771943924574}
{"location":"portal-inicio.ts:getProyectosDelUsuarioConRol","message":"getProyectosDelUsuarioConRol start","data":{"activeRole":"Coordinador"},"timestamp":1771943924850,"hypothesisId":"H2"}
{"location":"portal-inicio.ts:getProyectosDelUsuarioConRol","message":"getProyectosDelUsuarioConRol end","data":{"durationMs":815},"hypothesisId":"H2","timestamp":1771943925665}
{"location":"portal-inicio.ts:getAlertasPortalUsuario","message":"getAlertasPortalUsuario start","data":{"activeRole":"Coordinador"},"timestamp":1771943925794,"hypothesisId":"H2"}
{"location":"portal-inicio.ts:getAlertasPortalUsuario","message":"getAlertasPortalUsuario end","data":{"durationMs":445},"hypothesisId":"H2","timestamp":1771943926239}
{"location":"seguimiento.ts:getProximasReunionesParaUsuario","message":"getProximasReunionesParaUsuario start","data":{"activeRole":"Coordinador"},"timestamp":1771943926356,"hypothesisId":"H2"}
{"location":"seguimiento.ts:getProximasReunionesParaUsuario","message":"getProximasReunionesParaUsuario end","data":{"durationMs":273},"hypothesisId":"H2","timestamp":1771943926629}
{"location":"seguimiento.ts:getCompromisosPendientesParaUsuario","message":"getCompromisosPendientesParaUsuario start","data":{"activeRole":"Coordinador"},"timestamp":1771943926744,"hypothesisId":"H2"}
{"location":"seguimiento.ts:getCompromisosPendientesParaUsuario","message":"getCompromisosPendientesParaUsuario end","data":{"durationMs":273},"hypothesisId":"H2","timestamp":1771943927017}
{"location":"historial.ts:getHistorialRecienteParaUsuario","message":"getHistorialRecienteParaUsuario start","data":{"activeRole":"Coordinador"},"timestamp":1771943927136,"hypothesisId":"H2"}
{"location":"historial.ts:getHistorialRecienteParaUsuario","message":"getHistorialRecienteParaUsuario end","data":{"durationMs":517},"hypothesisId":"H2","timestamp":1771943927653}
{"location":"portal-inicio.ts:getRolesConProyectosVigentes","message":"getRolesConProyectosVigentes start","data":{},"timestamp":1771943927775,"hypothesisId":"H2"}
{"location":"portal-inicio.ts:getRolesConProyectosVigentes","message":"getRolesConProyectosVigentes end","data":{"durationMs":194},"hypothesisId":"H2","timestamp":1771943927969}
{"location":"portal-inicio.ts:getProyectosDelUsuarioConRol","message":"getProyectosDelUsuarioConRol start","data":{"activeRole":"Encargado"},"timestamp":1771943929647,"hypothesisId":"H2"}
{"location":"portal-inicio.ts:getProyectosDelUsuarioConRol","message":"getProyectosDelUsuarioConRol end","data":{"durationMs":246},"hypothesisId":"H2","timestamp":1771943929893}
{"location":"portal-inicio.ts:getAlertasPortalUsuario","message":"getAlertasPortalUsuario start","data":{"activeRole":"Encargado"},"timestamp":1771943930041,"hypothesisId":"H2"}
{"location":"portal-inicio.ts:getAlertasPortalUsuario","message":"getAlertasPortalUsuario end","data":{"durationMs":274},"hypothesisId":"H2","timestamp":1771943930315}
{"location":"seguimiento.ts:getProximasReunionesParaUsuario","message":"getProximasReunionesParaUsuario start","data":{"activeRole":"Encargado"},"timestamp":1771943930430,"hypothesisId":"H2"}
{"location":"seguimiento.ts:getProximasReunionesParaUsuario","message":"getProximasReunionesParaUsuario end","data":{"durationMs":284},"hypothesisId":"H2","timestamp":1771943930714}
{"location":"seguimiento.ts:getCompromisosPendientesParaUsuario","message":"getCompromisosPendientesParaUsuario start","data":{"activeRole":"Encargado"},"timestamp":1771943930835,"hypothesisId":"H2"}
{"location":"seguimiento.ts:getCompromisosPendientesParaUsuario","message":"getCompromisosPendientesParaUsuario end","data":{"durationMs":374},"hypothesisId":"H2","timestamp":1771943931209}
{"location":"historial.ts:getHistorialRecienteParaUsuario","message":"getHistorialRecienteParaUsuario start","data":{"activeRole":"Encargado"},"timestamp":1771943931323,"hypothesisId":"H2"}
{"location":"historial.ts:getHistorialRecienteParaUsuario","message":"getHistorialRecienteParaUsuario end","data":{"durationMs":511},"hypothesisId":"H2","timestamp":1771943931834}
{"location":"portal-inicio.ts:getRolesConProyectosVigentes","message":"getRolesConProyectosVigentes start","data":{},"timestamp":1771943933672,"hypothesisId":"H2"}
{"location":"portal-inicio.ts:getRolesConProyectosVigentes","message":"getRolesConProyectosVigentes end","data":{"durationMs":89},"hypothesisId":"H2","timestamp":1771943933761}
{"location":"portal-inicio.ts:getRolesConProyectosVigentes","message":"getRolesConProyectosVigentes start","data":{},"timestamp":1771943934571,"hypothesisId":"H2"}
{"location":"portal-inicio.ts:getRolesConProyectosVigentes","message":"getRolesConProyectosVigentes end","data":{"durationMs":158},"hypothesisId":"H2","timestamp":1771943934729}
{"location":"portal-inicio.ts:getProyectosDelUsuarioConRol","message":"getProyectosDelUsuarioConRol start","data":{"activeRole":"Coordinador"},"timestamp":1771943935597,"hypothesisId":"H2"}
{"location":"portal-inicio.ts:getProyectosDelUsuarioConRol","message":"getProyectosDelUsuarioConRol end","data":{"durationMs":453},"hypothesisId":"H2","timestamp":1771943936050}
{"location":"portal-inicio.ts:getAlertasPortalUsuario","message":"getAlertasPortalUsuario start","data":{"activeRole":"Coordinador"},"timestamp":1771943936165,"hypothesisId":"H2"}
{"location":"portal-inicio.ts:getAlertasPortalUsuario","message":"getAlertasPortalUsuario end","data":{"durationMs":445},"hypothesisId":"H2","timestamp":1771943936610}
{"location":"seguimiento.ts:getProximasReunionesParaUsuario","message":"getProximasReunionesParaUsuario start","data":{"activeRole":"Coordinador"},"timestamp":1771943936739,"hypothesisId":"H2"}
{"location":"seguimiento.ts:getProximasReunionesParaUsuario","message":"getProximasReunionesParaUsuario end","data":{"durationMs":271},"hypothesisId":"H2","timestamp":1771943937010}
{"location":"seguimiento.ts:getCompromisosPendientesParaUsuario","message":"getCompromisosPendientesParaUsuario start","data":{"activeRole":"Coordinador"},"timestamp":1771943937126,"hypothesisId":"H2"}
{"location":"seguimiento.ts:getCompromisosPendientesParaUsuario","message":"getCompromisosPendientesParaUsuario end","data":{"durationMs":273},"hypothesisId":"H2","timestamp":1771943937399}
{"location":"historial.ts:getHistorialRecienteParaUsuario","message":"getHistorialRecienteParaUsuario start","data":{"activeRole":"Coordinador"},"timestamp":1771943937521,"hypothesisId":"H2"}
{"location":"historial.ts:getHistorialRecienteParaUsuario","message":"getHistorialRecienteParaUsuario end","data":{"durationMs":487},"hypothesisId":"H2","timestamp":1771943938008}
{"location":"portal-inicio.ts:getRolesConProyectosVigentes","message":"getRolesConProyectosVigentes start","data":{},"timestamp":1771943939558,"hypothesisId":"H2"}
{"location":"portal-inicio.ts:getRolesConProyectosVigentes","message":"getRolesConProyectosVigentes end","data":{"durationMs":96},"hypothesisId":"H2","timestamp":1771943939654}
{"location":"portal-inicio.ts:getRolesConProyectosVigentes","message":"getRolesConProyectosVigentes start","data":{},"timestamp":1771943940350,"hypothesisId":"H2"}
{"location":"portal-inicio.ts:getRolesConProyectosVigentes","message":"getRolesConProyectosVigentes end","data":{"durationMs":84},"hypothesisId":"H2","timestamp":1771943940434}
{"location":"portal-inicio.ts:getRolesConProyectosVigentes","message":"getRolesConProyectosVigentes start","data":{},"timestamp":1771943999171,"hypothesisId":"H2"}
{"location":"portal-inicio.ts:getRolesConProyectosVigentes","message":"getRolesConProyectosVigentes end","data":{"durationMs":130},"hypothesisId":"H2","timestamp":1771943999301}
{"location":"portal-inicio.ts:getProyectosDelUsuarioConRol","message":"getProyectosDelUsuarioConRol start","data":{"activeRole":"Coordinador"},"timestamp":1771943999421,"hypothesisId":"H2"}
{"location":"portal-inicio.ts:getProyectosDelUsuarioConRol","message":"getProyectosDelUsuarioConRol end","data":{"durationMs":259},"hypothesisId":"H2","timestamp":1771943999680}
{"location":"portal-inicio.ts:getAlertasPortalUsuario","message":"getAlertasPortalUsuario start","data":{"activeRole":"Coordinador"},"timestamp":1771943999820,"hypothesisId":"H2"}
{"location":"portal-inicio.ts:getAlertasPortalUsuario","message":"getAlertasPortalUsuario end","data":{"durationMs":343},"hypothesisId":"H2","timestamp":1771944000163}
{"location":"seguimiento.ts:getProximasReunionesParaUsuario","message":"getProximasReunionesParaUsuario start","data":{"activeRole":"Coordinador"},"timestamp":1771944000299,"hypothesisId":"H2"}
{"location":"seguimiento.ts:getProximasReunionesParaUsuario","message":"getProximasReunionesParaUsuario end","data":{"durationMs":212},"hypothesisId":"H2","timestamp":1771944000511}
{"location":"seguimiento.ts:getCompromisosPendientesParaUsuario","message":"getCompromisosPendientesParaUsuario start","data":{"activeRole":"Coordinador"},"timestamp":1771944000640,"hypothesisId":"H2"}
{"location":"seguimiento.ts:getCompromisosPendientesParaUsuario","message":"getCompromisosPendientesParaUsuario end","data":{"durationMs":193},"hypothesisId":"H2","timestamp":1771944000833}
{"location":"historial.ts:getHistorialRecienteParaUsuario","message":"getHistorialRecienteParaUsuario start","data":{"activeRole":"Coordinador"},"timestamp":1771944001020,"hypothesisId":"H2"}
{"location":"historial.ts:getHistorialRecienteParaUsuario","message":"getHistorialRecienteParaUsuario end","data":{"durationMs":372},"hypothesisId":"H2","timestamp":1771944001392}
{"location":"portal-inicio.ts:getRolesConProyectosVigentes","message":"getRolesConProyectosVigentes start","data":{},"timestamp":1771944002874,"hypothesisId":"H2"}
{"location":"portal-inicio.ts:getRolesConProyectosVigentes","message":"getRolesConProyectosVigentes end","data":{"durationMs":102},"hypothesisId":"H2","timestamp":1771944002976}
{"location":"portal-inicio.ts:getRolesConProyectosVigentes","message":"getRolesConProyectosVigentes start","data":{},"timestamp":1771944010544,"hypothesisId":"H2"}
{"location":"portal-inicio.ts:getRolesConProyectosVigentes","message":"getRolesConProyectosVigentes end","data":{"durationMs":100},"hypothesisId":"H2","timestamp":1771944010644}
{"location":"portal-inicio.ts:getProyectosDelUsuarioConRol","message":"getProyectosDelUsuarioConRol start","data":{"activeRole":"Coordinador"},"timestamp":1771944010810,"hypothesisId":"H2"}
{"location":"portal-inicio.ts:getProyectosDelUsuarioConRol","message":"getProyectosDelUsuarioConRol end","data":{"durationMs":263},"hypothesisId":"H2","timestamp":1771944011073}
{"location":"portal-inicio.ts:getAlertasPortalUsuario","message":"getAlertasPortalUsuario start","data":{"activeRole":"Coordinador"},"timestamp":1771944011298,"hypothesisId":"H2"}
{"location":"portal-inicio.ts:getAlertasPortalUsuario","message":"getAlertasPortalUsuario end","data":{"durationMs":441},"hypothesisId":"H2","timestamp":1771944011739}
{"location":"seguimiento.ts:getProximasReunionesParaUsuario","message":"getProximasReunionesParaUsuario start","data":{"activeRole":"Coordinador"},"timestamp":1771944011863,"hypothesisId":"H2"}
{"location":"seguimiento.ts:getProximasReunionesParaUsuario","message":"getProximasReunionesParaUsuario end","data":{"durationMs":173},"hypothesisId":"H2","timestamp":1771944012036}
{"location":"seguimiento.ts:getCompromisosPendientesParaUsuario","message":"getCompromisosPendientesParaUsuario start","data":{"activeRole":"Coordinador"},"timestamp":1771944012188,"hypothesisId":"H2"}
{"location":"seguimiento.ts:getCompromisosPendientesParaUsuario","message":"getCompromisosPendientesParaUsuario end","data":{"durationMs":180},"hypothesisId":"H2","timestamp":1771944012368}
{"location":"historial.ts:getHistorialRecienteParaUsuario","message":"getHistorialRecienteParaUsuario start","data":{"activeRole":"Coordinador"},"timestamp":1771944012485,"hypothesisId":"H2"}
{"location":"historial.ts:getHistorialRecienteParaUsuario","message":"getHistorialRecienteParaUsuario end","data":{"durationMs":778},"hypothesisId":"H2","timestamp":1771944013263}
{"location":"portal-inicio.ts:getProyectosDelUsuarioConRol","message":"getProyectosDelUsuarioConRol start","data":{"activeRole":"Encargado"},"timestamp":1771944027296,"hypothesisId":"H2"}
{"location":"portal-inicio.ts:getProyectosDelUsuarioConRol","message":"getProyectosDelUsuarioConRol end","data":{"durationMs":539},"hypothesisId":"H2","timestamp":1771944027835}
{"location":"portal-inicio.ts:getAlertasPortalUsuario","message":"getAlertasPortalUsuario start","data":{"activeRole":"Encargado"},"timestamp":1771944027968,"hypothesisId":"H2"}
{"location":"portal-inicio.ts:getAlertasPortalUsuario","message":"getAlertasPortalUsuario end","data":{"durationMs":435},"hypothesisId":"H2","timestamp":1771944028403}
{"location":"seguimiento.ts:getProximasReunionesParaUsuario","message":"getProximasReunionesParaUsuario start","data":{"activeRole":"Encargado"},"timestamp":1771944028540,"hypothesisId":"H2"}
{"location":"seguimiento.ts:getProximasReunionesParaUsuario","message":"getProximasReunionesParaUsuario end","data":{"durationMs":249},"hypothesisId":"H2","timestamp":1771944028789}
{"location":"seguimiento.ts:getCompromisosPendientesParaUsuario","message":"getCompromisosPendientesParaUsuario start","data":{"activeRole":"Encargado"},"timestamp":1771944028911,"hypothesisId":"H2"}
{"location":"seguimiento.ts:getCompromisosPendientesParaUsuario","message":"getCompromisosPendientesParaUsuario end","data":{"durationMs":260},"hypothesisId":"H2","timestamp":1771944029171}
{"location":"historial.ts:getHistorialRecienteParaUsuario","message":"getHistorialRecienteParaUsuario start","data":{"activeRole":"Encargado"},"timestamp":1771944029280,"hypothesisId":"H2"}
{"location":"historial.ts:getHistorialRecienteParaUsuario","message":"getHistorialRecienteParaUsuario end","data":{"durationMs":346},"hypothesisId":"H2","timestamp":1771944029626}
{"location":"portal-inicio.ts:getRolesConProyectosVigentes","message":"getRolesConProyectosVigentes start","data":{},"timestamp":1771944031164,"hypothesisId":"H2"}
{"location":"portal-inicio.ts:getRolesConProyectosVigentes","message":"getRolesConProyectosVigentes end","data":{"durationMs":90},"hypothesisId":"H2","timestamp":1771944031254}
{"location":"portal-inicio.ts:getRolesConProyectosVigentes","message":"getRolesConProyectosVigentes start","data":{},"timestamp":1771944032131,"hypothesisId":"H2"}
{"location":"portal-inicio.ts:getRolesConProyectosVigentes","message":"getRolesConProyectosVigentes end","data":{"durationMs":95},"hypothesisId":"H2","timestamp":1771944032226}
{"location":"portal-inicio.ts:getProyectosDelUsuarioConRol","message":"getProyectosDelUsuarioConRol start","data":{"activeRole":"Coordinador"},"timestamp":1771944033171,"hypothesisId":"H2"}
{"location":"portal-inicio.ts:getProyectosDelUsuarioConRol","message":"getProyectosDelUsuarioConRol end","data":{"durationMs":256},"hypothesisId":"H2","timestamp":1771944033427}
{"location":"portal-inicio.ts:getAlertasPortalUsuario","message":"getAlertasPortalUsuario start","data":{"activeRole":"Coordinador"},"timestamp":1771944033546,"hypothesisId":"H2"}
{"location":"portal-inicio.ts:getAlertasPortalUsuario","message":"getAlertasPortalUsuario end","data":{"durationMs":261},"hypothesisId":"H2","timestamp":1771944033807}
{"location":"seguimiento.ts:getProximasReunionesParaUsuario","message":"getProximasReunionesParaUsuario start","data":{"activeRole":"Coordinador"},"timestamp":1771944033923,"hypothesisId":"H2"}
{"location":"seguimiento.ts:getProximasReunionesParaUsuario","message":"getProximasReunionesParaUsuario end","data":{"durationMs":171},"hypothesisId":"H2","timestamp":1771944034094}
{"location":"seguimiento.ts:getCompromisosPendientesParaUsuario","message":"getCompromisosPendientesParaUsuario start","data":{"activeRole":"Coordinador"},"timestamp":1771944034204,"hypothesisId":"H2"}
{"location":"seguimiento.ts:getCompromisosPendientesParaUsuario","message":"getCompromisosPendientesParaUsuario end","data":{"durationMs":174},"hypothesisId":"H2","timestamp":1771944034378}
{"location":"historial.ts:getHistorialRecienteParaUsuario","message":"getHistorialRecienteParaUsuario start","data":{"activeRole":"Coordinador"},"timestamp":1771944034496,"hypothesisId":"H2"}
{"location":"historial.ts:getHistorialRecienteParaUsuario","message":"getHistorialRecienteParaUsuario end","data":{"durationMs":354},"hypothesisId":"H2","timestamp":1771944034850}
{"location":"portal-inicio.ts:getRolesConProyectosVigentes","message":"getRolesConProyectosVigentes start","data":{},"timestamp":1771944036474,"hypothesisId":"H2"}
{"location":"portal-inicio.ts:getRolesConProyectosVigentes","message":"getRolesConProyectosVigentes end","data":{"durationMs":84},"hypothesisId":"H2","timestamp":1771944036558}
{"location":"portal-inicio.ts:getRolesConProyectosVigentes","message":"getRolesConProyectosVigentes start","data":{},"timestamp":1771944037303,"hypothesisId":"H2"}
{"location":"portal-inicio.ts:getRolesConProyectosVigentes","message":"getRolesConProyectosVigentes end","data":{"durationMs":92},"hypothesisId":"H2","timestamp":1771944037395}
{"location":"portal-inicio.ts:getProyectosDelUsuarioConRol","message":"getProyectosDelUsuarioConRol start","data":{"activeRole":"Encargado"},"timestamp":1771944039406,"hypothesisId":"H2"}
{"location":"portal-inicio.ts:getProyectosDelUsuarioConRol","message":"getProyectosDelUsuarioConRol end","data":{"durationMs":261},"hypothesisId":"H2","timestamp":1771944039667}
{"location":"portal-inicio.ts:getAlertasPortalUsuario","message":"getAlertasPortalUsuario start","data":{"activeRole":"Encargado"},"timestamp":1771944039784,"hypothesisId":"H2"}
{"location":"portal-inicio.ts:getAlertasPortalUsuario","message":"getAlertasPortalUsuario end","data":{"durationMs":346},"hypothesisId":"H2","timestamp":1771944040130}
{"location":"seguimiento.ts:getProximasReunionesParaUsuario","message":"getProximasReunionesParaUsuario start","data":{"activeRole":"Encargado"},"timestamp":1771944040246,"hypothesisId":"H2"}
{"location":"seguimiento.ts:getProximasReunionesParaUsuario","message":"getProximasReunionesParaUsuario end","data":{"durationMs":211},"hypothesisId":"H2","timestamp":1771944040457}
{"location":"seguimiento.ts:getCompromisosPendientesParaUsuario","message":"getCompromisosPendientesParaUsuario start","data":{"activeRole":"Encargado"},"timestamp":1771944040590,"hypothesisId":"H2"}
{"location":"seguimiento.ts:getCompromisosPendientesParaUsuario","message":"getCompromisosPendientesParaUsuario end","data":{"durationMs":255},"hypothesisId":"H2","timestamp":1771944040845}
{"location":"historial.ts:getHistorialRecienteParaUsuario","message":"getHistorialRecienteParaUsuario start","data":{"activeRole":"Encargado"},"timestamp":1771944040958,"hypothesisId":"H2"}
{"location":"historial.ts:getHistorialRecienteParaUsuario","message":"getHistorialRecienteParaUsuario end","data":{"durationMs":327},"hypothesisId":"H2","timestamp":1771944041285}
{"location":"portal-inicio.ts:getRolesConProyectosVigentes","message":"getRolesConProyectosVigentes start","data":{},"timestamp":1771944042909,"hypothesisId":"H2"}
{"location":"portal-inicio.ts:getRolesConProyectosVigentes","message":"getRolesConProyectosVigentes end","data":{"durationMs":193},"hypothesisId":"H2","timestamp":1771944043102}
{"location":"portal-inicio.ts:getRolesConProyectosVigentes","message":"getRolesConProyectosVigentes start","data":{},"timestamp":1771944043764,"hypothesisId":"H2"}
{"location":"portal-inicio.ts:getRolesConProyectosVigentes","message":"getRolesConProyectosVigentes end","data":{"durationMs":90},"hypothesisId":"H2","timestamp":1771944043854}
{"location":"portal-inicio.ts:getRolesConProyectosVigentes","message":"getRolesConProyectosVigentes start","data":{},"timestamp":1771944108621,"hypothesisId":"H2"}
{"location":"portal-inicio.ts:getRolesConProyectosVigentes","message":"getRolesConProyectosVigentes end","data":{"durationMs":179},"hypothesisId":"H2","timestamp":1771944108800}
{"location":"portal-inicio.ts:getRolesConProyectosVigentes","message":"getRolesConProyectosVigentes start","data":{},"timestamp":1771944130456,"hypothesisId":"H2"}
{"location":"portal-inicio.ts:getRolesConProyectosVigentes","message":"getRolesConProyectosVigentes end","data":{"durationMs":189},"hypothesisId":"H2","timestamp":1771944130645}
{"location":"portal-inicio.ts:getRolesConProyectosVigentes","message":"getRolesConProyectosVigentes start","data":{},"timestamp":1771944168608,"hypothesisId":"H2"}
{"location":"portal-inicio.ts:getRolesConProyectosVigentes","message":"getRolesConProyectosVigentes end","data":{"durationMs":171},"hypothesisId":"H2","timestamp":1771944168779}
{"location":"portal-inicio.ts:getProyectosDelUsuarioConRol","message":"getProyectosDelUsuarioConRol start","data":{"activeRole":"Encargado"},"timestamp":1771944168936,"hypothesisId":"H2"}
{"location":"portal-inicio.ts:getProyectosDelUsuarioConRol","message":"getProyectosDelUsuarioConRol end","data":{"durationMs":286},"hypothesisId":"H2","timestamp":1771944169222}
{"location":"portal-inicio.ts:getAlertasPortalUsuario","message":"getAlertasPortalUsuario start","data":{"activeRole":"Encargado"},"timestamp":1771944169359,"hypothesisId":"H2"}
{"location":"portal-inicio.ts:getAlertasPortalUsuario","message":"getAlertasPortalUsuario end","data":{"durationMs":439},"hypothesisId":"H2","timestamp":1771944169798}
{"location":"seguimiento.ts:getProximasReunionesParaUsuario","message":"getProximasReunionesParaUsuario start","data":{"activeRole":"Encargado"},"timestamp":1771944169931,"hypothesisId":"H2"}
{"location":"seguimiento.ts:getProximasReunionesParaUsuario","message":"getProximasReunionesParaUsuario end","data":{"durationMs":208},"hypothesisId":"H2","timestamp":1771944170139}
{"location":"seguimiento.ts:getCompromisosPendientesParaUsuario","message":"getCompromisosPendientesParaUsuario start","data":{"activeRole":"Encargado"},"timestamp":1771944170326,"hypothesisId":"H2"}
{"location":"seguimiento.ts:getCompromisosPendientesParaUsuario","message":"getCompromisosPendientesParaUsuario end","data":{"durationMs":255},"hypothesisId":"H2","timestamp":1771944170581}
{"location":"historial.ts:getHistorialRecienteParaUsuario","message":"getHistorialRecienteParaUsuario start","data":{"activeRole":"Encargado"},"timestamp":1771944170699,"hypothesisId":"H2"}
{"location":"historial.ts:getHistorialRecienteParaUsuario","message":"getHistorialRecienteParaUsuario end","data":{"durationMs":363},"hypothesisId":"H2","timestamp":1771944171062}
{"location":"portal-inicio.ts:getProyectosDelUsuarioConRol","message":"getProyectosDelUsuarioConRol start","data":{"activeRole":"Coordinador"},"timestamp":1771944173440,"hypothesisId":"H2"}
{"location":"portal-inicio.ts:getProyectosDelUsuarioConRol","message":"getProyectosDelUsuarioConRol end","data":{"durationMs":267},"hypothesisId":"H2","timestamp":1771944173707}
{"location":"portal-inicio.ts:getAlertasPortalUsuario","message":"getAlertasPortalUsuario start","data":{"activeRole":"Coordinador"},"timestamp":1771944173825,"hypothesisId":"H2"}
{"location":"portal-inicio.ts:getAlertasPortalUsuario","message":"getAlertasPortalUsuario end","data":{"durationMs":289},"hypothesisId":"H2","timestamp":1771944174114}
{"location":"seguimiento.ts:getProximasReunionesParaUsuario","message":"getProximasReunionesParaUsuario start","data":{"activeRole":"Coordinador"},"timestamp":1771944174235,"hypothesisId":"H2"}
{"location":"seguimiento.ts:getProximasReunionesParaUsuario","message":"getProximasReunionesParaUsuario end","data":{"durationMs":176},"hypothesisId":"H2","timestamp":1771944174411}
{"location":"seguimiento.ts:getCompromisosPendientesParaUsuario","message":"getCompromisosPendientesParaUsuario start","data":{"activeRole":"Coordinador"},"timestamp":1771944174539,"hypothesisId":"H2"}
{"location":"seguimiento.ts:getCompromisosPendientesParaUsuario","message":"getCompromisosPendientesParaUsuario end","data":{"durationMs":201},"hypothesisId":"H2","timestamp":1771944174740}
{"location":"historial.ts:getHistorialRecienteParaUsuario","message":"getHistorialRecienteParaUsuario start","data":{"activeRole":"Coordinador"},"timestamp":1771944174855,"hypothesisId":"H2"}
{"location":"historial.ts:getHistorialRecienteParaUsuario","message":"getHistorialRecienteParaUsuario end","data":{"durationMs":356},"hypothesisId":"H2","timestamp":1771944175211}
{"location":"portal-inicio.ts:getRolesConProyectosVigentes","message":"getRolesConProyectosVigentes start","data":{},"timestamp":1771944176747,"hypothesisId":"H2"}
{"location":"portal-inicio.ts:getRolesConProyectosVigentes","message":"getRolesConProyectosVigentes end","data":{"durationMs":94},"hypothesisId":"H2","timestamp":1771944176841}
{"location":"portal-inicio.ts:getRolesConProyectosVigentes","message":"getRolesConProyectosVigentes start","data":{},"timestamp":1771944177712,"hypothesisId":"H2"}
{"location":"portal-inicio.ts:getRolesConProyectosVigentes","message":"getRolesConProyectosVigentes end","data":{"durationMs":89},"hypothesisId":"H2","timestamp":1771944177801}
{"location":"portal-inicio.ts:getProyectosDelUsuarioConRol","message":"getProyectosDelUsuarioConRol start","data":{"activeRole":"Encargado"},"timestamp":1771944178159,"hypothesisId":"H2"}
{"location":"portal-inicio.ts:getProyectosDelUsuarioConRol","message":"getProyectosDelUsuarioConRol end","data":{"durationMs":267},"hypothesisId":"H2","timestamp":1771944178426}
{"location":"portal-inicio.ts:getAlertasPortalUsuario","message":"getAlertasPortalUsuario start","data":{"activeRole":"Encargado"},"timestamp":1771944178541,"hypothesisId":"H2"}
{"location":"portal-inicio.ts:getAlertasPortalUsuario","message":"getAlertasPortalUsuario end","data":{"durationMs":273},"hypothesisId":"H2","timestamp":1771944178814}
{"location":"seguimiento.ts:getProximasReunionesParaUsuario","message":"getProximasReunionesParaUsuario start","data":{"activeRole":"Encargado"},"timestamp":1771944178962,"hypothesisId":"H2"}
{"location":"seguimiento.ts:getProximasReunionesParaUsuario","message":"getProximasReunionesParaUsuario end","data":{"durationMs":181},"hypothesisId":"H2","timestamp":1771944179143}
{"location":"seguimiento.ts:getCompromisosPendientesParaUsuario","message":"getCompromisosPendientesParaUsuario start","data":{"activeRole":"Encargado"},"timestamp":1771944179259,"hypothesisId":"H2"}
{"location":"seguimiento.ts:getCompromisosPendientesParaUsuario","message":"getCompromisosPendientesParaUsuario end","data":{"durationMs":251},"hypothesisId":"H2","timestamp":1771944179510}
{"location":"historial.ts:getHistorialRecienteParaUsuario","message":"getHistorialRecienteParaUsuario start","data":{"activeRole":"Encargado"},"timestamp":1771944179639,"hypothesisId":"H2"}
{"location":"historial.ts:getHistorialRecienteParaUsuario","message":"getHistorialRecienteParaUsuario end","data":{"durationMs":343},"hypothesisId":"H2","timestamp":1771944179982}
{"location":"portal-inicio.ts:getRolesConProyectosVigentes","message":"getRolesConProyectosVigentes start","data":{},"timestamp":1771944181496,"hypothesisId":"H2"}
{"location":"portal-inicio.ts:getRolesConProyectosVigentes","message":"getRolesConProyectosVigentes end","data":{"durationMs":104},"hypothesisId":"H2","timestamp":1771944181600}
{"location":"portal-inicio.ts:getRolesConProyectosVigentes","message":"getRolesConProyectosVigentes start","data":{},"timestamp":1771944182388,"hypothesisId":"H2"}
{"location":"portal-inicio.ts:getRolesConProyectosVigentes","message":"getRolesConProyectosVigentes end","data":{"durationMs":90},"hypothesisId":"H2","timestamp":1771944182478}
{"location":"portal-inicio.ts:getProyectosDelUsuarioConRol","message":"getProyectosDelUsuarioConRol start","data":{"activeRole":"Coordinador"},"timestamp":1771944184739,"hypothesisId":"H2"}
{"location":"portal-inicio.ts:getProyectosDelUsuarioConRol","message":"getProyectosDelUsuarioConRol end","data":{"durationMs":323},"hypothesisId":"H2","timestamp":1771944185062}
{"location":"portal-inicio.ts:getAlertasPortalUsuario","message":"getAlertasPortalUsuario start","data":{"activeRole":"Coordinador"},"timestamp":1771944185193,"hypothesisId":"H2"}
{"location":"portal-inicio.ts:getAlertasPortalUsuario","message":"getAlertasPortalUsuario end","data":{"durationMs":333},"hypothesisId":"H2","timestamp":1771944185526}
{"location":"seguimiento.ts:getProximasReunionesParaUsuario","message":"getProximasReunionesParaUsuario start","data":{"activeRole":"Coordinador"},"timestamp":1771944185641,"hypothesisId":"H2"}
{"location":"seguimiento.ts:getProximasReunionesParaUsuario","message":"getProximasReunionesParaUsuario end","data":{"durationMs":171},"hypothesisId":"H2","timestamp":1771944185812}
{"location":"seguimiento.ts:getCompromisosPendientesParaUsuario","message":"getCompromisosPendientesParaUsuario start","data":{"activeRole":"Coordinador"},"timestamp":1771944185926,"hypothesisId":"H2"}
{"location":"seguimiento.ts:getCompromisosPendientesParaUsuario","message":"getCompromisosPendientesParaUsuario end","data":{"durationMs":166},"hypothesisId":"H2","timestamp":1771944186092}
{"location":"historial.ts:getHistorialRecienteParaUsuario","message":"getHistorialRecienteParaUsuario start","data":{"activeRole":"Coordinador"},"timestamp":1771944186255,"hypothesisId":"H2"}
{"location":"historial.ts:getHistorialRecienteParaUsuario","message":"getHistorialRecienteParaUsuario end","data":{"durationMs":322},"hypothesisId":"H2","timestamp":1771944186577}
{"location":"portal-inicio.ts:getRolesConProyectosVigentes","message":"getRolesConProyectosVigentes start","data":{},"timestamp":1771944188137,"hypothesisId":"H2"}
{"location":"portal-inicio.ts:getRolesConProyectosVigentes","message":"getRolesConProyectosVigentes end","data":{"durationMs":96},"hypothesisId":"H2","timestamp":1771944188233}
{"location":"portal-inicio.ts:getRolesConProyectosVigentes","message":"getRolesConProyectosVigentes start","data":{},"timestamp":1771944189014,"hypothesisId":"H2"}
{"location":"portal-inicio.ts:getRolesConProyectosVigentes","message":"getRolesConProyectosVigentes end","data":{"durationMs":86},"hypothesisId":"H2","timestamp":1771944189100}
{"location":"portal-inicio.ts:getRolesConProyectosVigentes","message":"getRolesConProyectosVigentes start","data":{},"timestamp":1771944199135,"hypothesisId":"H2"}
{"location":"portal-inicio.ts:getRolesConProyectosVigentes","message":"getRolesConProyectosVigentes end","data":{"durationMs":93},"hypothesisId":"H2","timestamp":1771944199228}
{"location":"portal-inicio.ts:getProyectosDelUsuarioConRol","message":"getProyectosDelUsuarioConRol start","data":{"activeRole":"Encargado"},"timestamp":1771944199359,"hypothesisId":"H2"}
{"location":"portal-inicio.ts:getProyectosDelUsuarioConRol","message":"getProyectosDelUsuarioConRol end","data":{"durationMs":246},"hypothesisId":"H2","timestamp":1771944199605}
{"location":"portal-inicio.ts:getAlertasPortalUsuario","message":"getAlertasPortalUsuario start","data":{"activeRole":"Encargado"},"timestamp":1771944199732,"hypothesisId":"H2"}
{"location":"portal-inicio.ts:getAlertasPortalUsuario","message":"getAlertasPortalUsuario end","data":{"durationMs":381},"hypothesisId":"H2","timestamp":1771944200113}
{"location":"seguimiento.ts:getProximasReunionesParaUsuario","message":"getProximasReunionesParaUsuario start","data":{"activeRole":"Encargado"},"timestamp":1771944200245,"hypothesisId":"H2"}
{"location":"seguimiento.ts:getProximasReunionesParaUsuario","message":"getProximasReunionesParaUsuario end","data":{"durationMs":180},"hypothesisId":"H2","timestamp":1771944200425}
{"location":"seguimiento.ts:getCompromisosPendientesParaUsuario","message":"getCompromisosPendientesParaUsuario start","data":{"activeRole":"Encargado"},"timestamp":1771944200541,"hypothesisId":"H2"}
{"location":"seguimiento.ts:getCompromisosPendientesParaUsuario","message":"getCompromisosPendientesParaUsuario end","data":{"durationMs":264},"hypothesisId":"H2","timestamp":1771944200805}
{"location":"historial.ts:getHistorialRecienteParaUsuario","message":"getHistorialRecienteParaUsuario start","data":{"activeRole":"Encargado"},"timestamp":1771944200925,"hypothesisId":"H2"}
{"location":"historial.ts:getHistorialRecienteParaUsuario","message":"getHistorialRecienteParaUsuario end","data":{"durationMs":329},"hypothesisId":"H2","timestamp":1771944201254}
{"location":"portal-inicio.ts:getRolesConProyectosVigentes","message":"getRolesConProyectosVigentes start","data":{},"timestamp":1771944201368,"hypothesisId":"H2"}
{"location":"portal-inicio.ts:getRolesConProyectosVigentes","message":"getRolesConProyectosVigentes end","data":{"durationMs":88},"hypothesisId":"H2","timestamp":1771944201456}
{"location":"portal-inicio.ts:getProyectosDelUsuarioConRol","message":"getProyectosDelUsuarioConRol start","data":{"activeRole":"Encargado"},"timestamp":1771944276390,"hypothesisId":"H2"}
{"location":"portal-inicio.ts:getProyectosDelUsuarioConRol","message":"getProyectosDelUsuarioConRol end","data":{"durationMs":1397},"hypothesisId":"H2","timestamp":1771944277787}
{"location":"portal-inicio.ts:getAlertasPortalUsuario","message":"getAlertasPortalUsuario start","data":{"activeRole":"Encargado"},"timestamp":1771944277903,"hypothesisId":"H2"}
{"location":"portal-inicio.ts:getAlertasPortalUsuario","message":"getAlertasPortalUsuario end","data":{"durationMs":1087},"hypothesisId":"H2","timestamp":1771944278990}
{"location":"seguimiento.ts:getProximasReunionesParaUsuario","message":"getProximasReunionesParaUsuario start","data":{"activeRole":"Encargado"},"timestamp":1771944279111,"hypothesisId":"H2"}
{"location":"seguimiento.ts:getProximasReunionesParaUsuario","message":"getProximasReunionesParaUsuario end","data":{"durationMs":355},"hypothesisId":"H2","timestamp":1771944279466}
{"location":"seguimiento.ts:getCompromisosPendientesParaUsuario","message":"getCompromisosPendientesParaUsuario start","data":{"activeRole":"Encargado"},"timestamp":1771944279583,"hypothesisId":"H2"}
{"location":"seguimiento.ts:getCompromisosPendientesParaUsuario","message":"getCompromisosPendientesParaUsuario end","data":{"durationMs":416},"hypothesisId":"H2","timestamp":1771944279999}
{"location":"historial.ts:getHistorialRecienteParaUsuario","message":"getHistorialRecienteParaUsuario start","data":{"activeRole":"Encargado"},"timestamp":1771944280118,"hypothesisId":"H2"}
{"location":"historial.ts:getHistorialRecienteParaUsuario","message":"getHistorialRecienteParaUsuario end","data":{"durationMs":674},"hypothesisId":"H2","timestamp":1771944280792}
{"location":"portal-inicio.ts:getProyectosDelUsuarioConRol","message":"getProyectosDelUsuarioConRol start","data":{"activeRole":"Coordinador"},"timestamp":1771944281545,"hypothesisId":"H2"}
{"location":"portal-inicio.ts:getProyectosDelUsuarioConRol","message":"getProyectosDelUsuarioConRol end","data":{"durationMs":486},"hypothesisId":"H2","timestamp":1771944282031}
{"location":"portal-inicio.ts:getAlertasPortalUsuario","message":"getAlertasPortalUsuario start","data":{"activeRole":"Coordinador"},"timestamp":1771944282165,"hypothesisId":"H2"}
{"location":"portal-inicio.ts:getAlertasPortalUsuario","message":"getAlertasPortalUsuario end","data":{"durationMs":411},"hypothesisId":"H2","timestamp":1771944282576}
{"location":"seguimiento.ts:getProximasReunionesParaUsuario","message":"getProximasReunionesParaUsuario start","data":{"activeRole":"Coordinador"},"timestamp":1771944282875,"hypothesisId":"H2"}
{"location":"seguimiento.ts:getProximasReunionesParaUsuario","message":"getProximasReunionesParaUsuario end","data":{"durationMs":317},"hypothesisId":"H2","timestamp":1771944283192}
{"location":"seguimiento.ts:getCompromisosPendientesParaUsuario","message":"getCompromisosPendientesParaUsuario start","data":{"activeRole":"Coordinador"},"timestamp":1771944283435,"hypothesisId":"H2"}
{"location":"seguimiento.ts:getCompromisosPendientesParaUsuario","message":"getCompromisosPendientesParaUsuario end","data":{"durationMs":236},"hypothesisId":"H2","timestamp":1771944283671}
{"location":"historial.ts:getHistorialRecienteParaUsuario","message":"getHistorialRecienteParaUsuario start","data":{"activeRole":"Coordinador"},"timestamp":1771944283789,"hypothesisId":"H2"}
{"location":"historial.ts:getHistorialRecienteParaUsuario","message":"getHistorialRecienteParaUsuario end","data":{"durationMs":494},"hypothesisId":"H2","timestamp":1771944284283}
{"location":"portal-inicio.ts:getRolesConProyectosVigentes","message":"getRolesConProyectosVigentes start","data":{},"timestamp":1771944285019,"hypothesisId":"H2"}
{"location":"portal-inicio.ts:getRolesConProyectosVigentes","message":"getRolesConProyectosVigentes end","data":{"durationMs":172},"hypothesisId":"H2","timestamp":1771944285191}
{"location":"portal-inicio.ts:getRolesConProyectosVigentes","message":"getRolesConProyectosVigentes start","data":{},"timestamp":1771944285376,"hypothesisId":"H2"}
{"location":"portal-inicio.ts:getRolesConProyectosVigentes","message":"getRolesConProyectosVigentes end","data":{"durationMs":83},"hypothesisId":"H2","timestamp":1771944285459}
{"location":"portal-inicio.ts:getRolesConProyectosVigentes","message":"getRolesConProyectosVigentes start","data":{},"timestamp":1771944286079,"hypothesisId":"H2"}
{"location":"portal-inicio.ts:getRolesConProyectosVigentes","message":"getRolesConProyectosVigentes end","data":{"durationMs":84},"hypothesisId":"H2","timestamp":1771944286163}
{"location":"portal-inicio.ts:getRolesConProyectosVigentes","message":"getRolesConProyectosVigentes start","data":{},"timestamp":1771944287021,"hypothesisId":"H2"}
{"location":"portal-inicio.ts:getRolesConProyectosVigentes","message":"getRolesConProyectosVigentes end","data":{"durationMs":82},"hypothesisId":"H2","timestamp":1771944287103}
{"location":"portal-inicio.ts:getRolesConProyectosVigentes","message":"getRolesConProyectosVigentes start","data":{},"timestamp":1771944292185,"hypothesisId":"H2"}
{"location":"portal-inicio.ts:getRolesConProyectosVigentes","message":"getRolesConProyectosVigentes end","data":{"durationMs":90},"hypothesisId":"H2","timestamp":1771944292275}
{"location":"portal-inicio.ts:getProyectosDelUsuarioConRol","message":"getProyectosDelUsuarioConRol start","data":{"activeRole":"Encargado"},"timestamp":1771944292489,"hypothesisId":"H2"}
{"location":"portal-inicio.ts:getProyectosDelUsuarioConRol","message":"getProyectosDelUsuarioConRol end","data":{"durationMs":498},"hypothesisId":"H2","timestamp":1771944292987}
{"location":"portal-inicio.ts:getAlertasPortalUsuario","message":"getAlertasPortalUsuario start","data":{"activeRole":"Encargado"},"timestamp":1771944293105,"hypothesisId":"H2"}
{"location":"portal-inicio.ts:getAlertasPortalUsuario","message":"getAlertasPortalUsuario end","data":{"durationMs":402},"hypothesisId":"H2","timestamp":1771944293507}
{"location":"seguimiento.ts:getProximasReunionesParaUsuario","message":"getProximasReunionesParaUsuario start","data":{"activeRole":"Encargado"},"timestamp":1771944293627,"hypothesisId":"H2"}
{"location":"seguimiento.ts:getProximasReunionesParaUsuario","message":"getProximasReunionesParaUsuario end","data":{"durationMs":273},"hypothesisId":"H2","timestamp":1771944293900}
{"location":"seguimiento.ts:getCompromisosPendientesParaUsuario","message":"getCompromisosPendientesParaUsuario start","data":{"activeRole":"Encargado"},"timestamp":1771944294016,"hypothesisId":"H2"}
{"location":"seguimiento.ts:getCompromisosPendientesParaUsuario","message":"getCompromisosPendientesParaUsuario end","data":{"durationMs":319},"hypothesisId":"H2","timestamp":1771944294335}
{"location":"historial.ts:getHistorialRecienteParaUsuario","message":"getHistorialRecienteParaUsuario start","data":{"activeRole":"Encargado"},"timestamp":1771944294468,"hypothesisId":"H2"}
{"location":"historial.ts:getHistorialRecienteParaUsuario","message":"getHistorialRecienteParaUsuario end","data":{"durationMs":555},"hypothesisId":"H2","timestamp":1771944295023}
{"location":"portal-inicio.ts:getRolesConProyectosVigentes","message":"getRolesConProyectosVigentes start","data":{},"timestamp":1771944295140,"hypothesisId":"H2"}
{"location":"portal-inicio.ts:getRolesConProyectosVigentes","message":"getRolesConProyectosVigentes end","data":{"durationMs":163},"hypothesisId":"H2","timestamp":1771944295303}
{"location":"portal-inicio.ts:getRolesConProyectosVigentes","message":"getRolesConProyectosVigentes start","data":{},"timestamp":1771944453559,"hypothesisId":"H2"}
{"location":"portal-inicio.ts:getRolesConProyectosVigentes","message":"getRolesConProyectosVigentes end","data":{"durationMs":274},"hypothesisId":"H2","timestamp":1771944453833}
{"location":"portal-inicio.ts:getProyectosDelUsuarioConRol","message":"getProyectosDelUsuarioConRol start","data":{"activeRole":"Encargado"},"timestamp":1771944454021,"hypothesisId":"H2"}
{"location":"portal-inicio.ts:getProyectosDelUsuarioConRol","message":"getProyectosDelUsuarioConRol end","data":{"durationMs":250},"hypothesisId":"H2","timestamp":1771944454271}
{"location":"portal-inicio.ts:getAlertasPortalUsuario","message":"getAlertasPortalUsuario start","data":{"activeRole":"Encargado"},"timestamp":1771944454483,"hypothesisId":"H2"}
{"location":"portal-inicio.ts:getAlertasPortalUsuario","message":"getAlertasPortalUsuario end","data":{"durationMs":341},"hypothesisId":"H2","timestamp":1771944454824}
{"location":"seguimiento.ts:getProximasReunionesParaUsuario","message":"getProximasReunionesParaUsuario start","data":{"activeRole":"Encargado"},"timestamp":1771944454951,"hypothesisId":"H2"}
{"location":"seguimiento.ts:getProximasReunionesParaUsuario","message":"getProximasReunionesParaUsuario end","data":{"durationMs":178},"hypothesisId":"H2","timestamp":1771944455129}
{"location":"seguimiento.ts:getCompromisosPendientesParaUsuario","message":"getCompromisosPendientesParaUsuario start","data":{"activeRole":"Encargado"},"timestamp":1771944455281,"hypothesisId":"H2"}
{"location":"seguimiento.ts:getCompromisosPendientesParaUsuario","message":"getCompromisosPendientesParaUsuario end","data":{"durationMs":272},"hypothesisId":"H2","timestamp":1771944455553}
{"location":"historial.ts:getHistorialRecienteParaUsuario","message":"getHistorialRecienteParaUsuario start","data":{"activeRole":"Encargado"},"timestamp":1771944455680,"hypothesisId":"H2"}
{"location":"historial.ts:getHistorialRecienteParaUsuario","message":"getHistorialRecienteParaUsuario end","data":{"durationMs":352},"hypothesisId":"H2","timestamp":1771944456032}
{"location":"portal-inicio.ts:getRolesConProyectosVigentes","message":"getRolesConProyectosVigentes start","data":{},"timestamp":1771944687463,"hypothesisId":"H2"}
{"location":"portal-inicio.ts:getRolesConProyectosVigentes","message":"getRolesConProyectosVigentes end","data":{"durationMs":197},"hypothesisId":"H2","timestamp":1771944687660}
{"location":"portal-inicio.ts:getProyectosDelUsuarioConRol","message":"getProyectosDelUsuarioConRol start","data":{"activeRole":"Coordinador"},"timestamp":1771944687833,"hypothesisId":"H2"}
{"location":"portal-inicio.ts:getProyectosDelUsuarioConRol","message":"getProyectosDelUsuarioConRol end","data":{"durationMs":529},"hypothesisId":"H2","timestamp":1771944688362}
{"location":"portal-inicio.ts:getAlertasPortalUsuario","message":"getAlertasPortalUsuario start","data":{"activeRole":"Coordinador"},"timestamp":1771944688527,"hypothesisId":"H2"}
{"location":"portal-inicio.ts:getAlertasPortalUsuario","message":"getAlertasPortalUsuario end","data":{"durationMs":1196},"hypothesisId":"H2","timestamp":1771944689723}
{"location":"seguimiento.ts:getProximasReunionesParaUsuario","message":"getProximasReunionesParaUsuario start","data":{"activeRole":"Coordinador"},"timestamp":1771944689848,"hypothesisId":"H2"}
{"location":"seguimiento.ts:getProximasReunionesParaUsuario","message":"getProximasReunionesParaUsuario end","data":{"durationMs":368},"hypothesisId":"H2","timestamp":1771944690216}
{"location":"seguimiento.ts:getCompromisosPendientesParaUsuario","message":"getCompromisosPendientesParaUsuario start","data":{"activeRole":"Coordinador"},"timestamp":1771944690333,"hypothesisId":"H2"}
{"location":"seguimiento.ts:getCompromisosPendientesParaUsuario","message":"getCompromisosPendientesParaUsuario end","data":{"durationMs":274},"hypothesisId":"H2","timestamp":1771944690607}
{"location":"historial.ts:getHistorialRecienteParaUsuario","message":"getHistorialRecienteParaUsuario start","data":{"activeRole":"Coordinador"},"timestamp":1771944690727,"hypothesisId":"H2"}
{"location":"historial.ts:getHistorialRecienteParaUsuario","message":"getHistorialRecienteParaUsuario end","data":{"durationMs":516},"hypothesisId":"H2","timestamp":1771944691243}
{"location":"portal-inicio.ts:getRolesConProyectosVigentes","message":"getRolesConProyectosVigentes start","data":{},"timestamp":1771944691360,"hypothesisId":"H2"}
{"location":"portal-inicio.ts:getRolesConProyectosVigentes","message":"getRolesConProyectosVigentes end","data":{"durationMs":178},"hypothesisId":"H2","timestamp":1771944691538}
{"location":"portal-inicio.ts:getRolesConProyectosVigentes","message":"getRolesConProyectosVigentes start","data":{},"timestamp":1771944759234,"hypothesisId":"H2"}
{"location":"portal-inicio.ts:getRolesConProyectosVigentes","message":"getRolesConProyectosVigentes end","data":{"durationMs":244},"hypothesisId":"H2","timestamp":1771944759478}
{"location":"portal-inicio.ts:getProyectosDelUsuarioConRol","message":"getProyectosDelUsuarioConRol start","data":{"activeRole":"Coordinador"},"timestamp":1771944759597,"hypothesisId":"H2"}
{"location":"portal-inicio.ts:getProyectosDelUsuarioConRol","message":"getProyectosDelUsuarioConRol end","data":{"durationMs":589},"hypothesisId":"H2","timestamp":1771944760186}
{"location":"portal-inicio.ts:getAlertasPortalUsuario","message":"getAlertasPortalUsuario start","data":{"activeRole":"Coordinador"},"timestamp":1771944760319,"hypothesisId":"H2"}
{"location":"portal-inicio.ts:getAlertasPortalUsuario","message":"getAlertasPortalUsuario end","data":{"durationMs":569},"hypothesisId":"H2","timestamp":1771944760888}
{"location":"seguimiento.ts:getProximasReunionesParaUsuario","message":"getProximasReunionesParaUsuario start","data":{"activeRole":"Coordinador"},"timestamp":1771944761010,"hypothesisId":"H2"}
{"location":"seguimiento.ts:getProximasReunionesParaUsuario","message":"getProximasReunionesParaUsuario end","data":{"durationMs":313},"hypothesisId":"H2","timestamp":1771944761323}
{"location":"seguimiento.ts:getCompromisosPendientesParaUsuario","message":"getCompromisosPendientesParaUsuario start","data":{"activeRole":"Coordinador"},"timestamp":1771944761439,"hypothesisId":"H2"}
{"location":"seguimiento.ts:getCompromisosPendientesParaUsuario","message":"getCompromisosPendientesParaUsuario end","data":{"durationMs":275},"hypothesisId":"H2","timestamp":1771944761714}
{"location":"historial.ts:getHistorialRecienteParaUsuario","message":"getHistorialRecienteParaUsuario start","data":{"activeRole":"Coordinador"},"timestamp":1771944761830,"hypothesisId":"H2"}
{"location":"historial.ts:getHistorialRecienteParaUsuario","message":"getHistorialRecienteParaUsuario end","data":{"durationMs":515},"hypothesisId":"H2","timestamp":1771944762345}
{"location":"portal-inicio.ts:getRolesConProyectosVigentes","message":"getRolesConProyectosVigentes start","data":{},"timestamp":1771944763278,"hypothesisId":"H2"}
{"location":"portal-inicio.ts:getRolesConProyectosVigentes","message":"getRolesConProyectosVigentes end","data":{"durationMs":110},"hypothesisId":"H2","timestamp":1771944763388}
{"location":"seguimiento.ts:getProximasReunionesParaUsuario","message":"getProximasReunionesParaUsuario start","data":{"activeRole":"Coordinador"},"timestamp":1771944826994,"hypothesisId":"H2"}
{"location":"seguimiento.ts:getProximasReunionesParaUsuario","message":"getProximasReunionesParaUsuario end","data":{"durationMs":366},"hypothesisId":"H2","timestamp":1771944827360}
{"location":"historial.ts:getHistorialRecienteParaUsuario","message":"getHistorialRecienteParaUsuario start","data":{"activeRole":"Coordinador"},"timestamp":1771944828098,"hypothesisId":"H2"}
{"location":"historial.ts:getHistorialRecienteParaUsuario","message":"getHistorialRecienteParaUsuario end","data":{"durationMs":606},"hypothesisId":"H2","timestamp":1771944828704}
{"location":"seguimiento.ts:getProximasReunionesParaUsuario","message":"getProximasReunionesParaUsuario start","data":{"activeRole":"Coordinador"},"timestamp":1771944831992,"hypothesisId":"H2"}
{"location":"seguimiento.ts:getProximasReunionesParaUsuario","message":"getProximasReunionesParaUsuario end","data":{"durationMs":163},"hypothesisId":"H2","timestamp":1771944832155}
{"location":"historial.ts:getHistorialRecienteParaUsuario","message":"getHistorialRecienteParaUsuario start","data":{"activeRole":"Coordinador"},"timestamp":1771944832579,"hypothesisId":"H2"}
{"location":"historial.ts:getHistorialRecienteParaUsuario","message":"getHistorialRecienteParaUsuario end","data":{"durationMs":320},"hypothesisId":"H2","timestamp":1771944832899}
{"location":"historial.ts:getHistorialRecienteParaUsuario","message":"getHistorialRecienteParaUsuario start","data":{"activeRole":"Coordinador"},"timestamp":1771944837073,"hypothesisId":"H2"}
{"location":"historial.ts:getHistorialRecienteParaUsuario","message":"getHistorialRecienteParaUsuario end","data":{"durationMs":321},"hypothesisId":"H2","timestamp":1771944837394}
